ID,FECHA,PUNTO,USERNAME
1.47473E+18,2021-12-25T07:17:41.000-06:00,POINT (-103.13952464 23.91062008),HiPeople_21
1.47493E+18,2021-12-25T20:45:11.000-06:00,POINT (-103.13952464 23.91062008),HiPeople_21
1.47465E+18,2021-12-25T01:36:11.000-06:00,POINT (-96.6833 18.7667),neostarke
1.47464E+18,2021-12-25T01:31:51.000-06:00,POINT (-101.4721204 24.07030119),HiPeople_21
1.47465E+18,2021-12-25T02:07:00.000-06:00,POINT (-98.8417 19.2333),JCESAR8411
1.47483E+18,2021-12-25T13:38:42.000-06:00,POINT (-98.6520783 19.13355912),rortiz0829
1.47483E+18,2021-12-25T13:33:11.000-06:00,POINT (-86.99116498 20.44656193),drknmelanated
1.47483E+18,2021-12-25T13:34:14.000-06:00,POINT (-101.9146745 24.20602797),HiPeople_21
1.4748E+18,2021-12-25T12:00:21.000-06:00,POINT (-101.05502122 17.27294866),deyalejayeya
1.47483E+18,2021-12-25T14:07:34.000-06:00,POINT (-87.3787 21.5182),DEmanuelSCampos
1.47496E+18,2021-12-25T22:23:02.000-06:00,POINT (-87.01992129 20.37612309),coffeegirlhere
1.47517E+18,2021-12-26T12:23:15.000-06:00,POINT (-99.4755172 19.2830638),ANGYBABYS
1.47523E+18,2021-12-26T16:31:24.000-06:00,POINT (-100.43631438 20.67481118),manuel_coutino
1.47525E+18,2021-12-26T17:21:33.000-06:00,POINT (-103.13952464 23.91062008),HiPeople_21
1.47524E+18,2021-12-26T17:15:10.000-06:00,POINT (-101.4721204 24.07030119),HiPeople_21
1.47512E+18,2021-12-26T09:13:37.000-06:00,POINT (-101.9146745 24.20602797),HiPeople_21
1.47463E+18,2021-12-25T00:34:38.000-06:00,POINT (-101.9146745 24.20602797),HiPeople_21
1.47463E+18,2021-12-25T00:34:50.000-06:00,POINT (-101.9146745 24.20602797),HiPeople_21
1.47463E+18,2021-12-25T00:35:06.000-06:00,POINT (-101.9146745 24.20602797),HiPeople_21
1.47463E+18,2021-12-25T00:36:15.000-06:00,POINT (-101.9146745 24.20602797),HiPeople_21
1.47463E+18,2021-12-25T00:36:18.000-06:00,POINT (-101.9146745 24.20602797),HiPeople_21
1.47463E+18,2021-12-25T00:36:35.000-06:00,POINT (-101.9146745 24.20602797),HiPeople_21
1.47463E+18,2021-12-25T00:36:44.000-06:00,POINT (-101.9146745 24.20602797),HiPeople_21
1.4748E+18,2021-12-25T12:11:19.000-06:00,POINT (-88.39809895 18.65913474),YORCH_21
1.47463E+18,2021-12-25T00:40:30.000-06:00,POINT (-100.10763297 25.76068873),BrandonBelmares
1.47463E+18,2021-12-25T00:34:36.000-06:00,POINT (-101.9146745 24.20602797),HiPeople_21
1.47463E+18,2021-12-25T00:44:40.000-06:00,POINT (-103.437178 20.823166),anest_ped
1.47493E+18,2021-12-25T20:18:32.000-06:00,POINT (-102.366667 23.316667),SaraCorraless
1.47472E+18,2021-12-25T06:51:43.000-06:00,POINT (-105.52708858 20.77215411),danabcoaching
1.47472E+18,2021-12-25T06:30:33.000-06:00,POINT (-101.9146745 24.20602797),HiPeople_21
1.47503E+18,2021-12-26T03:08:26.000-06:00,POINT (-92.15 14.6667),RDSanMarcos
1.47503E+18,2021-12-26T03:18:11.000-06:00,POINT (-101.4721204 24.07030119),HiPeople_21
1.47522E+18,2021-12-26T15:53:26.000-06:00,POINT (-92.58667946 16.7396193),adi7anand
1.47522E+18,2021-12-26T15:53:36.000-06:00,POINT (-99.24499512 19.2537842),Infatuated4U
1.47516E+18,2021-12-26T11:50:19.000-06:00,POINT (-87.11906558 20.58250337),SharolinPut
1.47522E+18,2021-12-26T15:53:50.000-06:00,POINT (-88.56867135 20.68287391),FerPintor
1.47513E+18,2021-12-26T09:36:17.000-06:00,POINT (-87.36317172 21.53462996),JennMalibu
1.47526E+18,2021-12-26T18:07:58.000-06:00,POINT (-100.23407171 25.88069656),dich07171
1.47515E+18,2021-12-26T10:55:07.000-06:00,POINT (-99.19951058 19.03023471),pirovelvet76
1.47533E+18,2021-12-26T22:38:36.000-06:00,POINT (-101.4721204 24.07030119),HiPeople_21
1.47533E+18,2021-12-26T22:41:11.000-06:00,POINT (-115.47103183 31.03753124),Ale17gzz
1.47533E+18,2021-12-26T22:46:28.000-06:00,POINT (-102.366667 23.316667),Cadaver_Vivient
1.47484E+18,2021-12-25T14:48:14.000-06:00,POINT (-102.366667 23.316667),Waka_mole
1.47488E+18,2021-12-25T17:01:09.000-06:00,POINT (-96.25924105 15.77202371),M3mo_AS
1.47498E+18,2021-12-25T23:48:15.000-06:00,POINT (-92.15 14.6667),RDSanMarcos
1.47467E+18,2021-12-25T03:24:54.000-06:00,POINT (-98.84781188 19.69347389),midocu33
1.47495E+18,2021-12-25T22:06:38.000-06:00,POINT (-101.4721204 24.07030119),HiPeople_21
1.47532E+18,2021-12-26T21:58:28.000-06:00,POINT (-102.21093893 19.90292999),drrenepalma
1.47511E+18,2021-12-26T08:13:51.000-06:00,POINT (-86.79627536 21.12356704),ShaktiJuan
1.47533E+18,2021-12-26T23:06:32.000-06:00,POINT (-115.47103183 31.03753124),Ale17gzz
1.47493E+18,2021-12-25T20:31:55.000-06:00,POINT (-86.91816519 20.88701034),sdkier
1.47484E+18,2021-12-25T14:38:40.000-06:00,POINT (-101.9146745 24.20602797),HiPeople_21
1.47493E+18,2021-12-25T20:34:05.000-06:00,POINT (-101.9146745 24.20602797),HiPeople_21
1.4749E+18,2021-12-25T18:28:25.000-06:00,POINT (-109.90963573 27.50253492),danielparedesz
1.47488E+18,2021-12-25T17:10:08.000-06:00,POINT (-103.13952464 23.91062008),HiPeople_21
1.47488E+18,2021-12-25T17:10:25.000-06:00,POINT (-103.13952464 23.91062008),HiPeople_21
1.47475E+18,2021-12-25T08:29:08.000-06:00,POINT (-89.5959 21.0915),MarianaZentenoW
1.47463E+18,2021-12-25T00:55:38.000-06:00,POINT (-103.437178 20.823166),anest_ped
1.47464E+18,2021-12-25T01:02:04.000-06:00,POINT (-101.4721204 24.07030119),HiPeople_21
1.47478E+18,2021-12-25T10:45:38.000-06:00,POINT (-101.9146745 24.20602797),HiPeople_21
1.47489E+18,2021-12-25T17:36:11.000-06:00,POINT (-105.8 22.85),elivanbeltran
1.47466E+18,2021-12-25T02:23:06.000-06:00,POINT (-101.4721204 24.07030119),HiPeople_21
1.47466E+18,2021-12-25T02:23:08.000-06:00,POINT (-102.366667 23.316667),Bega1118
1.47514E+18,2021-12-26T10:11:12.000-06:00,POINT (-86.81980192 21.25833763),alexrMexico
1.47532E+18,2021-12-26T22:24:03.000-06:00,POINT (-101.4721204 24.07030119),HiPeople_21
1.47527E+18,2021-12-26T18:45:13.000-06:00,POINT (-92.27389532 16.19021172),berita_bereniza
1.47532E+18,2021-12-26T22:21:19.000-06:00,POINT (-101.9146745 24.20602797),HiPeople_21
1.47532E+18,2021-12-26T22:21:43.000-06:00,POINT (-101.9146745 24.20602797),HiPeople_21
1.47532E+18,2021-12-26T22:21:53.000-06:00,POINT (-101.9146745 24.20602797),HiPeople_21
1.47532E+18,2021-12-26T22:21:08.000-06:00,POINT (-101.9146745 24.20602797),HiPeople_21
1.47532E+18,2021-12-26T22:21:05.000-06:00,POINT (-101.9146745 24.20602797),HiPeople_21
1.47532E+18,2021-12-26T22:21:55.000-06:00,POINT (-101.9146745 24.20602797),HiPeople_21
1.47527E+18,2021-12-26T18:46:17.000-06:00,POINT (-99.90193904 20.63830633),ariotos
1.4749E+18,2021-12-25T18:13:35.000-06:00,POINT (-101.9146745 24.20602797),HiPeople_21
1.47488E+18,2021-12-25T16:52:36.000-06:00,POINT (-94.89 16.72),eq_map_es2
1.47489E+18,2021-12-25T17:49:03.000-06:00,POINT (-101.4721204 24.07030119),HiPeople_21
1.47489E+18,2021-12-25T17:49:05.000-06:00,POINT (-101.4721204 24.07030119),HiPeople_21
1.47489E+18,2021-12-25T17:49:30.000-06:00,POINT (-101.66696249 17.73422985),monchis82
1.47489E+18,2021-12-25T17:49:36.000-06:00,POINT (-87.3787 21.5182),ThisWayParadise
1.47489E+18,2021-12-25T17:45:15.000-06:00,POINT (-107.82700181 27.51702567),xanatos
1.47489E+18,2021-12-25T17:52:21.000-06:00,POINT (-101.9146745 24.20602797),HiPeople_21
1.47489E+18,2021-12-25T17:42:13.000-06:00,POINT (-101.4721204 24.07030119),HiPeople_21
1.4748E+18,2021-12-25T11:46:30.000-06:00,POINT (-96.12706661 19.08986003),vmzp85
1.47519E+18,2021-12-26T13:57:00.000-06:00,POINT (-98.84781188 19.69347389),JC_GRANADOS
1.47526E+18,2021-12-26T18:10:37.000-06:00,POINT (-99.24499512 19.2537842),Infatuated4U
1.47499E+18,2021-12-26T00:07:23.000-06:00,POINT (-116.58600756 32.06983738),misaelglauss
1.47532E+18,2021-12-26T22:20:05.000-06:00,POINT (-101.9146745 24.20602797),HiPeople_21
1.47532E+18,2021-12-26T22:20:07.000-06:00,POINT (-101.9146745 24.20602797),HiPeople_21
1.47511E+18,2021-12-26T08:43:06.000-06:00,POINT (-103.13952464 23.91062008),HiPeople_21
1.47512E+18,2021-12-26T08:57:06.000-06:00,POINT (-103.13952464 23.91062008),HiPeople_21
1.47531E+18,2021-12-26T21:22:11.000-06:00,POINT (-102.366667 23.316667),Cadaver_Vivient
1.47531E+18,2021-12-26T21:22:21.000-06:00,POINT (-115.35553671 32.59271616),JesusJackLion
1.47562E+18,2021-12-27T18:19:25.000-06:00,POINT (-100.11524322 25.77739585),rubengzzalcala
1.4755E+18,2021-12-27T10:16:05.000-06:00,POINT (-101.4721204 24.07030119),HiPeople_21
1.47553E+18,2021-12-27T12:21:12.000-06:00,POINT (-100.43632777 20.67478768),vegafa
1.47554E+18,2021-12-27T12:42:18.000-06:00,POINT (-101.9146745 24.20602797),HiPeople_21
1.47567E+18,2021-12-27T21:17:03.000-06:00,POINT (-103.61034205 29.16725097),fcat461
1.47567E+18,2021-12-27T21:15:30.000-06:00,POINT (-102.366667 23.316667),Axelwarever
1.47567E+18,2021-12-27T21:09:35.000-06:00,POINT (-98.4471004 18.85377815),LuisargentinoG
1.47545E+18,2021-12-27T06:56:38.000-06:00,POINT (-87.43017621 20.21501858),Qunegond
1.47598E+18,2021-12-28T17:59:45.000-06:00,POINT (-105.52708858 20.77215411),bteaster
1.47599E+18,2021-12-28T18:26:00.000-06:00,POINT (-86.98814394 20.27287068),Qunegond
1.47601E+18,2021-12-28T20:11:21.000-06:00,POINT (-98.197911 19.215288),geolocationms
1.47601E+18,2021-12-28T20:11:33.000-06:00,POINT (-98.197911 19.215288),geolocationms
1.47601E+18,2021-12-28T20:11:36.000-06:00,POINT (-98.197911 19.215288),geolocationms
1.47601E+18,2021-12-28T20:11:44.000-06:00,POINT (-98.197911 19.215288),geolocationms
1.47601E+18,2021-12-28T20:11:31.000-06:00,POINT (-98.197911 19.215288),geolocationms
1.47601E+18,2021-12-28T20:11:57.000-06:00,POINT (-98.197911 19.215288),geolocationms
1.47604E+18,2021-12-28T22:00:51.000-06:00,POINT (-98.197901 19.21529),geolocationms
1.47463E+18,2021-12-25T00:52:07.000-06:00,POINT (-101.9146745 24.20602797),HiPeople_21
1.47463E+18,2021-12-25T00:20:44.000-06:00,POINT (-102.366667 23.316667),Effatthyma_
1.47478E+18,2021-12-25T10:32:33.000-06:00,POINT (-101.9146745 24.20602797),HiPeople_21
1.47478E+18,2021-12-25T10:37:03.000-06:00,POINT (-101.4721204 24.07030119),HiPeople_21
1.47482E+18,2021-12-25T13:24:04.000-06:00,POINT (-115.362 32.328),QuakesToday
1.47482E+18,2021-12-25T13:24:08.000-06:00,POINT (-98.8417 19.2333),JCESAR8411
1.47482E+18,2021-12-25T13:23:51.000-06:00,POINT (-115.3618317 32.3278351),everyEarthquake
1.47479E+18,2021-12-25T11:13:36.000-06:00,POINT (-98.9667 19.7333),sahuer20
1.47483E+18,2021-12-25T13:48:32.000-06:00,POINT (-101.4721204 24.07030119),HiPeople_21
1.47487E+18,2021-12-25T16:10:46.000-06:00,POINT (-102.366667 23.316667),bryangrafix
1.47529E+18,2021-12-26T20:19:46.000-06:00,POINT (-100.89963913 25.4739631),EdgarEZenitram
1.47529E+18,2021-12-26T20:20:34.000-06:00,POINT (-97.69860836 16.10728138),moycisneros
1.47506E+18,2021-12-26T05:04:58.000-06:00,POINT (-109.92745042 22.88242576),Luis_dtg
1.47505E+18,2021-12-26T04:06:35.000-06:00,POINT (-98.92 16.96),eq_map_ww2
1.47505E+18,2021-12-26T04:06:35.000-06:00,POINT (-98.92 16.96),eq_map_es2
1.47506E+18,2021-12-26T05:07:33.000-06:00,POINT (-101.9146745 24.20602797),HiPeople_21
1.47507E+18,2021-12-26T05:35:01.000-06:00,POINT (-103.7667 21.5333),object82
1.47509E+18,2021-12-26T07:17:50.000-06:00,POINT (-86.79627536 21.12356704),ShaktiJuan
1.47509E+18,2021-12-26T07:18:01.000-06:00,POINT (-86.79627536 21.12356704),ShaktiJuan
1.47532E+18,2021-12-26T22:16:06.000-06:00,POINT (-101.4721204 24.07030119),HiPeople_21
1.47532E+18,2021-12-26T22:19:23.000-06:00,POINT (-101.9146745 24.20602797),HiPeople_21
1.47532E+18,2021-12-26T22:20:23.000-06:00,POINT (-101.9146745 24.20602797),HiPeople_21
1.47532E+18,2021-12-26T22:20:40.000-06:00,POINT (-101.9146745 24.20602797),HiPeople_21
1.47532E+18,2021-12-26T22:20:42.000-06:00,POINT (-101.9146745 24.20602797),HiPeople_21
1.47532E+18,2021-12-26T22:20:52.000-06:00,POINT (-101.9146745 24.20602797),HiPeople_21
1.47516E+18,2021-12-26T11:45:51.000-06:00,POINT (-87.11906558 20.58250337),SharolinPut
1.47534E+18,2021-12-26T23:36:35.000-06:00,POINT (-101.16 17.59),eq_map_ww2
1.47534E+18,2021-12-26T23:37:03.000-06:00,POINT (-101.16 17.59),DepremDunya
1.47556E+18,2021-12-27T14:01:54.000-06:00,POINT (-102.366667 23.316667),isra9520
1.47559E+18,2021-12-27T16:20:31.000-06:00,POINT (-103.30131418 20.52777189),budacub
1.47559E+18,2021-12-27T16:18:20.000-06:00,POINT (-104.9198 24.8143),MichelleRNews
1.47537E+18,2021-12-27T01:31:40.000-06:00,POINT (-102.167 20.2167),bandallanogrand
1.47537E+18,2021-12-27T01:20:38.000-06:00,POINT (-103.13952464 23.91062008),HiPeople_21
1.47538E+18,2021-12-27T01:58:45.000-06:00,POINT (-101.9146745 24.20602797),HiPeople_21
1.47557E+18,2021-12-27T14:58:33.000-06:00,POINT (-87.3787 21.5182),victorcenteno
1.47549E+18,2021-12-27T09:39:09.000-06:00,POINT (-86.79627536 21.12356704),mdanielreyes98
1.47573E+18,2021-12-28T01:20:01.000-06:00,POINT (-103.7858 19.2494),object82
1.47595E+18,2021-12-28T16:11:26.000-06:00,POINT (-98.19769 19.2147),geolocationms
1.47595E+18,2021-12-28T16:11:26.000-06:00,POINT (-98.19769 19.2147),geolocationms
1.47595E+18,2021-12-28T16:11:27.000-06:00,POINT (-98.19769 19.2147),geolocationms
1.47497E+18,2021-12-25T22:47:55.000-06:00,POINT (-98.84781188 19.69347389),GrasslandB
1.47481E+18,2021-12-25T12:33:23.000-06:00,POINT (-88.39809895 18.65913474),YORCH_21
1.47494E+18,2021-12-25T21:27:39.000-06:00,POINT (-99.79679986 16.84026587),Dontropiloco77
1.47489E+18,2021-12-25T17:56:20.000-06:00,POINT (-91.5484344 18.7698339),CrysCS
1.47517E+18,2021-12-26T12:07:56.000-06:00,POINT (-86.87404633 21.03986635),Tonninho_
1.47523E+18,2021-12-26T16:18:00.000-06:00,POINT (-98.84357429 19.69009384),FriendsOfFeeney
1.4752E+18,2021-12-26T14:21:44.000-06:00,POINT (-87.3787 21.5182),DEmanuelSCampos
1.47523E+18,2021-12-26T16:35:40.000-06:00,POINT (-90.9333 18.7667),DanielGmartz
1.4752E+18,2021-12-26T14:33:27.000-06:00,POINT (-100.11472495 25.77727814),josep27_
1.47533E+18,2021-12-26T22:50:23.000-06:00,POINT (-101.9146745 24.20602797),HiPeople_21
1.47565E+18,2021-12-27T20:19:36.000-06:00,POINT (-88.56778 20.684282),patpedersenn
1.47565E+18,2021-12-27T20:20:58.000-06:00,POINT (-102.366667 23.316667),robertofreymann
1.47553E+18,2021-12-27T12:21:29.000-06:00,POINT (-100.43661324 20.6766074),vegafa
1.47553E+18,2021-12-27T12:21:43.000-06:00,POINT (-103.48441745 20.73718796),chocorroy
1.47563E+18,2021-12-27T18:48:59.000-06:00,POINT (-116.63442814 32.09922007),xuxito_08
1.47553E+18,2021-12-27T12:28:03.000-06:00,POINT (-101.4721204 24.07030119),HiPeople_21
1.47557E+18,2021-12-27T14:32:15.000-06:00,POINT (-109.89679544 22.88707368),ArielLyndsey
1.4756E+18,2021-12-27T17:10:08.000-06:00,POINT (-103.13952464 23.91062008),HiPeople_21
1.4756E+18,2021-12-27T17:04:39.000-06:00,POINT (-101.4721204 24.07030119),HiPeople_21
1.47561E+18,2021-12-27T17:11:40.000-06:00,POINT (-101.4721204 24.07030119),HiPeople_21
1.47567E+18,2021-12-27T21:29:03.000-06:00,POINT (-87.35699415 20.31851844),AnngeLBQ
1.47598E+18,2021-12-28T18:00:47.000-06:00,POINT (-98.197906 19.215281),geolocationms
1.47601E+18,2021-12-28T20:00:48.000-06:00,POINT (-98.197908 19.215285),geolocationms
1.47562E+18,2021-12-27T18:11:09.000-06:00,POINT (-100.113358 25.77803475),rubengzzalcala
1.47554E+18,2021-12-27T12:34:04.000-06:00,POINT (-101.9146745 24.20602797),HiPeople_21
1.47554E+18,2021-12-27T12:37:01.000-06:00,POINT (-87.499985 20.20009667),EduardoTaiChi
1.47566E+18,2021-12-27T20:41:50.000-06:00,POINT (-110.15718648 24.24914799),CastaedaHoney
1.4756E+18,2021-12-27T16:55:34.000-06:00,POINT (-101.9146745 24.20602797),HiPeople_21
1.47552E+18,2021-12-27T11:13:50.000-06:00,POINT (-96.7655772 17.0462761),eduardospl96
1.47552E+18,2021-12-27T11:42:24.000-06:00,POINT (-87.7167 18.7167),zackpapayo
1.47604E+18,2021-12-28T21:54:15.000-06:00,POINT (-103.13952464 23.91062008),HiPeople_21
1.47604E+18,2021-12-28T21:56:05.000-06:00,POINT (-101.4721204 24.07030119),HiPeople_21
1.47589E+18,2021-12-28T12:07:23.000-06:00,POINT (-94.571056 18.0541695),OHelectronics
1.47601E+18,2021-12-28T20:11:27.000-06:00,POINT (-98.197911 19.215288),geolocationms
1.47601E+18,2021-12-28T20:11:22.000-06:00,POINT (-98.197911 19.215288),geolocationms
1.47553E+18,2021-12-27T12:26:11.000-06:00,POINT (-101.9146745 24.20602797),HiPeople_21
1.47551E+18,2021-12-27T10:53:04.000-06:00,POINT (-114.31 29.35),DepremDunya
1.47551E+18,2021-12-27T10:51:36.000-06:00,POINT (-114.31 29.35),eq_map_es2
1.47566E+18,2021-12-27T20:55:33.000-06:00,POINT (-102.366667 23.316667),HermesHernandz
1.47544E+18,2021-12-27T06:19:12.000-06:00,POINT (-101.9146745 24.20602797),HiPeople_21
1.47598E+18,2021-12-28T17:54:44.000-06:00,POINT (-103.913 19.1426),BarajasBrianda
1.47604E+18,2021-12-28T22:11:33.000-06:00,POINT (-98.197901 19.215289),geolocationms
1.47604E+18,2021-12-28T22:11:47.000-06:00,POINT (-98.197901 19.215289),geolocationms
1.47604E+18,2021-12-28T22:11:52.000-06:00,POINT (-98.197901 19.215289),geolocationms
1.47604E+18,2021-12-28T22:11:59.000-06:00,POINT (-98.197901 19.215289),geolocationms
1.47604E+18,2021-12-28T22:11:20.000-06:00,POINT (-98.197901 19.215289),geolocationms
1.47604E+18,2021-12-28T22:11:21.000-06:00,POINT (-98.197901 19.215289),geolocationms
1.47604E+18,2021-12-28T22:11:23.000-06:00,POINT (-98.197901 19.215289),geolocationms
1.47604E+18,2021-12-28T22:11:25.000-06:00,POINT (-98.197901 19.215289),geolocationms
1.47604E+18,2021-12-28T22:11:26.000-06:00,POINT (-98.197901 19.215289),geolocationms
1.47604E+18,2021-12-28T22:11:27.000-06:00,POINT (-98.197901 19.215289),geolocationms
1.47562E+18,2021-12-27T18:16:56.000-06:00,POINT (-100.11472495 25.77727814),rubengzzalcala
1.47556E+18,2021-12-27T13:57:48.000-06:00,POINT (-99.37596202 19.24107973),mawaenriquez
1.47565E+18,2021-12-27T20:12:12.000-06:00,POINT (-97.67693705 15.96810524),abrahamreyes90
1.4755E+18,2021-12-27T10:23:08.000-06:00,POINT (-86.87357426 21.03953966),MarcPSummers
1.47561E+18,2021-12-27T17:16:15.000-06:00,POINT (-98.01359515 19.04367144),luisarturosaenz
1.47555E+18,2021-12-27T13:18:04.000-06:00,POINT (-99.37596202 19.24107973),mawaenriquez
1.47549E+18,2021-12-27T09:18:14.000-06:00,POINT (-103.13952464 23.91062008),HiPeople_21
1.47564E+18,2021-12-27T19:36:10.000-06:00,POINT (-96.71818043 17.09734554),alex_neox
1.47549E+18,2021-12-27T09:33:12.000-06:00,POINT (-103.13952464 23.91062008),HiPeople_21
1.47549E+18,2021-12-27T09:33:14.000-06:00,POINT (-103.13952464 23.91062008),HiPeople_21
1.47598E+18,2021-12-28T18:11:22.000-06:00,POINT (-98.197815 19.21513),geolocationms
1.47598E+18,2021-12-28T18:12:02.000-06:00,POINT (-98.197816 19.215129),geolocationms
1.47598E+18,2021-12-28T18:12:03.000-06:00,POINT (-98.197816 19.215129),geolocationms
1.47598E+18,2021-12-28T18:12:04.000-06:00,POINT (-98.197816 19.215129),geolocationms
1.47598E+18,2021-12-28T18:11:45.000-06:00,POINT (-98.197816 19.21513),geolocationms
1.47598E+18,2021-12-28T18:11:48.000-06:00,POINT (-98.197816 19.21513),geolocationms
1.47598E+18,2021-12-28T18:11:55.000-06:00,POINT (-98.197816 19.215129),geolocationms
1.47598E+18,2021-12-28T18:11:57.000-06:00,POINT (-98.197816 19.215129),geolocationms
1.47597E+18,2021-12-28T17:27:03.000-06:00,POINT (-103.13952464 23.91062008),HiPeople_21
1.47571E+18,2021-12-28T00:20:37.000-06:00,POINT (-98.4471004 18.85377815),LuisargentinoG
1.47597E+18,2021-12-28T17:34:43.000-06:00,POINT (-103.13952464 23.91062008),HiPeople_21
1.47604E+18,2021-12-28T21:44:06.000-06:00,POINT (-101.9146745 24.20602797),HiPeople_21
1.47598E+18,2021-12-28T18:11:21.000-06:00,POINT (-98.197815 19.21513),geolocationms
1.47598E+18,2021-12-28T18:11:22.000-06:00,POINT (-98.197815 19.21513),geolocationms
1.47595E+18,2021-12-28T15:42:59.000-06:00,POINT (-86.97470377 20.4780781),dstelzeresq
1.47598E+18,2021-12-28T18:11:33.000-06:00,POINT (-98.197816 19.21513),geolocationms
1.47598E+18,2021-12-28T18:11:40.000-06:00,POINT (-98.197816 19.21513),geolocationms
1.47589E+18,2021-12-28T11:46:52.000-06:00,POINT (-100.063065 19.854276),nitanjudia
1.47593E+18,2021-12-28T14:35:14.000-06:00,POINT (-86.79810412 21.3296635),AnnyStar_
1.47576E+18,2021-12-28T03:19:32.000-06:00,POINT (-101.4721204 24.07030119),HiPeople_21
1.4759E+18,2021-12-28T12:56:11.000-06:00,POINT (-101.4721204 24.07030119),HiPeople_21
1.47591E+18,2021-12-28T13:02:41.000-06:00,POINT (-101.9146745 24.20602797),HiPeople_21
1.476E+18,2021-12-28T19:20:27.000-06:00,POINT (-98.15 18.95),soyfernandoyael
1.47585E+18,2021-12-28T09:41:08.000-06:00,POINT (-87.07986832 20.6129426),PatyGallardo
1.47635E+18,2021-12-29T18:19:23.000-06:00,POINT (-110.31576373 24.16791773),ViveLaPazMexico
1.4763E+18,2021-12-29T15:00:04.000-06:00,POINT (-87.43229245 20.21611349),cgcanas
1.4763E+18,2021-12-29T15:02:48.000-06:00,POINT (-87.47809547 20.0679174),LiveRitually
1.47641E+18,2021-12-29T22:23:55.000-06:00,POINT (-103.47457266 20.71600016),omyzt
1.47638E+18,2021-12-29T20:31:21.000-06:00,POINT (-103.13952464 23.91062008),HiPeople_21
1.47634E+18,2021-12-29T17:43:50.000-06:00,POINT (-87.70746231 18.72039777),Linisho_Fdez
1.47599E+18,2021-12-28T18:44:05.000-06:00,POINT (-99.90833333 16.82222222),DreyarTony
1.47602E+18,2021-12-28T20:30:13.000-06:00,POINT (-109.95063424 27.52713615),joel_lunaobr
1.47604E+18,2021-12-28T22:17:17.000-06:00,POINT (-103.13952464 23.91062008),HiPeople_21
1.47584E+18,2021-12-28T08:44:09.000-06:00,POINT (-103.13952464 23.91062008),HiPeople_21
1.47576E+18,2021-12-28T03:41:07.000-06:00,POINT (-103.13952464 23.91062008),HiPeople_21
1.47597E+18,2021-12-28T17:09:19.000-06:00,POINT (-101.56190559 17.6307884),Ilean29
1.47603E+18,2021-12-28T21:00:47.000-06:00,POINT (-98.197909 19.215285),geolocationms
1.47597E+18,2021-12-28T17:11:21.000-06:00,POINT (-98.197951 19.215188),geolocationms
1.47597E+18,2021-12-28T17:11:22.000-06:00,POINT (-98.197951 19.215188),geolocationms
1.47597E+18,2021-12-28T17:11:22.000-06:00,POINT (-98.197951 19.215188),geolocationms
1.47597E+18,2021-12-28T17:11:28.000-06:00,POINT (-98.197951 19.215188),geolocationms
1.47597E+18,2021-12-28T17:11:31.000-06:00,POINT (-98.197951 19.215188),geolocationms
1.47597E+18,2021-12-28T17:11:32.000-06:00,POINT (-98.197953 19.215188),geolocationms
1.47597E+18,2021-12-28T17:11:34.000-06:00,POINT (-98.197953 19.215188),geolocationms
1.47597E+18,2021-12-28T17:11:51.000-06:00,POINT (-98.197953 19.215188),geolocationms
1.47597E+18,2021-12-28T17:11:52.000-06:00,POINT (-98.197955 19.215188),geolocationms
1.47591E+18,2021-12-28T13:28:22.000-06:00,POINT (-96.93190677 18.81278205),marioosc
1.47607E+18,2021-12-29T00:11:40.000-06:00,POINT (-98.197798 19.215077),geolocationms
1.47607E+18,2021-12-29T00:11:55.000-06:00,POINT (-98.197798 19.215077),geolocationms
1.47607E+18,2021-12-29T00:11:58.000-06:00,POINT (-98.197798 19.215077),geolocationms
1.47607E+18,2021-12-29T00:11:45.000-06:00,POINT (-98.197798 19.215077),geolocationms
1.47607E+18,2021-12-29T00:12:04.000-06:00,POINT (-98.197798 19.215077),geolocationms
1.47638E+18,2021-12-29T20:22:26.000-06:00,POINT (-86.818467 21.281766),CassieWelshy
1.47632E+18,2021-12-29T16:50:36.000-06:00,POINT (-87.37306595 21.5233497),markmadonna
1.47632E+18,2021-12-29T16:50:16.000-06:00,POINT (-86.818466 21.281763),CassieWelshy
1.47627E+18,2021-12-29T13:04:59.000-06:00,POINT (-96.52044961 15.66332273),javive
1.47609E+18,2021-12-29T01:00:02.000-06:00,POINT (-105.5 28.2),object82
1.47609E+18,2021-12-29T01:06:36.000-06:00,POINT (-107.61428 24.919084),GeneracionSF
1.47633E+18,2021-12-29T17:15:11.000-06:00,POINT (-96.171668 19.124809),luisarturosaenz
1.47633E+18,2021-12-29T17:20:59.000-06:00,POINT (-103.913 19.1426),VolcanoColima
1.47631E+18,2021-12-29T15:33:41.000-06:00,POINT (-116.608 32.0664),Sebas_cooking
1.47631E+18,2021-12-29T15:44:07.000-06:00,POINT (-100.08556984 20.07960786),_thrillington
1.47628E+18,2021-12-29T13:36:30.000-06:00,POINT (-87.12041987 20.58117562),panchosss1986
1.47584E+18,2021-12-28T08:33:45.000-06:00,POINT (-101.4721204 24.07030119),HiPeople_21
1.47605E+18,2021-12-28T22:22:49.000-06:00,POINT (-98.846131 19.692068),matsism
1.476E+18,2021-12-28T19:06:32.000-06:00,POINT (-100.43670208 20.69010304),armando_tavera
1.47593E+18,2021-12-28T14:58:37.000-06:00,POINT (-98.37732586 19.18001975),KarencitaNoche
1.476E+18,2021-12-28T19:11:20.000-06:00,POINT (-98.197917 19.215288),geolocationms
1.476E+18,2021-12-28T19:11:21.000-06:00,POINT (-98.197917 19.215288),geolocationms
1.476E+18,2021-12-28T19:11:23.000-06:00,POINT (-98.197917 19.215288),geolocationms
1.476E+18,2021-12-28T19:11:25.000-06:00,POINT (-98.197917 19.215288),geolocationms
1.476E+18,2021-12-28T19:11:35.000-06:00,POINT (-98.197917 19.215288),geolocationms
1.476E+18,2021-12-28T19:11:36.000-06:00,POINT (-98.197917 19.215288),geolocationms
1.476E+18,2021-12-28T19:11:44.000-06:00,POINT (-98.197917 19.215288),geolocationms
1.476E+18,2021-12-28T19:11:49.000-06:00,POINT (-98.197917 19.215288),geolocationms
1.476E+18,2021-12-28T19:11:53.000-06:00,POINT (-98.197917 19.215288),geolocationms
1.476E+18,2021-12-28T19:11:54.000-06:00,POINT (-98.197917 19.215288),geolocationms
1.476E+18,2021-12-28T19:12:00.000-06:00,POINT (-98.197917 19.215288),geolocationms
1.476E+18,2021-12-28T19:25:27.000-06:00,POINT (-87.45494682 20.1585867),Katalinadiaz95
1.47607E+18,2021-12-29T00:11:25.000-06:00,POINT (-98.197792 19.215073),geolocationms
1.47607E+18,2021-12-29T00:11:29.000-06:00,POINT (-98.197792 19.215073),geolocationms
1.47607E+18,2021-12-29T00:11:34.000-06:00,POINT (-98.197798 19.215077),geolocationms
1.47607E+18,2021-12-29T00:11:36.000-06:00,POINT (-98.197798 19.215077),geolocationms
1.47624E+18,2021-12-29T11:11:17.000-06:00,POINT (-101.555471 21.102147),pumacaotico
1.47643E+18,2021-12-29T23:58:15.000-06:00,POINT (-103.683159 20.566663),Efrenz8
1.4763E+18,2021-12-29T14:55:03.000-06:00,POINT (-100.43684132 20.67549952),rickroman900
1.4763E+18,2021-12-29T14:57:36.000-06:00,POINT (-96.09303927 15.7748567),AlainSin
1.4763E+18,2021-12-29T15:06:17.000-06:00,POINT (-96.7655772 17.0462761),pashacr
1.47619E+18,2021-12-29T08:05:33.000-06:00,POINT (-102.366667 23.316667),marianelabaca
1.47611E+18,2021-12-29T02:31:15.000-06:00,POINT (-101.4721204 24.07030119),HiPeople_21
1.47641E+18,2021-12-29T22:43:10.000-06:00,POINT (-102.248099 19.534531),Leycegui
1.47587E+18,2021-12-28T10:25:00.000-06:00,POINT (-103.84696194 18.91705898),jmanuelorange
1.4759E+18,2021-12-28T12:34:38.000-06:00,POINT (-98.77468 19.13719),J_Yaqui_Medina
1.47606E+18,2021-12-28T23:00:46.000-06:00,POINT (-98.197928 19.215198),geolocationms
1.47597E+18,2021-12-28T17:11:57.000-06:00,POINT (-98.197955 19.215188),geolocationms
1.47597E+18,2021-12-28T17:12:06.000-06:00,POINT (-98.197955 19.215188),geolocationms
1.47597E+18,2021-12-28T17:12:24.000-06:00,POINT (-103.13952464 23.91062008),HiPeople_21
1.47597E+18,2021-12-28T17:18:32.000-06:00,POINT (-101.9146745 24.20602797),HiPeople_21
1.47597E+18,2021-12-28T17:13:03.000-06:00,POINT (-103.13952464 23.91062008),HiPeople_21
1.47597E+18,2021-12-28T17:13:07.000-06:00,POINT (-103.13952464 23.91062008),HiPeople_21
1.47597E+18,2021-12-28T17:13:11.000-06:00,POINT (-103.13952464 23.91062008),HiPeople_21
1.47597E+18,2021-12-28T17:13:19.000-06:00,POINT (-103.13952464 23.91062008),HiPeople_21
1.47597E+18,2021-12-28T17:13:21.000-06:00,POINT (-103.13952464 23.91062008),HiPeople_21
1.47597E+18,2021-12-28T17:13:41.000-06:00,POINT (-103.13952464 23.91062008),HiPeople_21
1.47606E+18,2021-12-28T23:11:19.000-06:00,POINT (-98.197903 19.215293),geolocationms
1.47606E+18,2021-12-28T23:11:23.000-06:00,POINT (-98.197903 19.215293),geolocationms
1.47606E+18,2021-12-28T23:11:26.000-06:00,POINT (-98.197903 19.215293),geolocationms
1.47606E+18,2021-12-28T23:11:30.000-06:00,POINT (-98.197903 19.215293),geolocationms
1.47606E+18,2021-12-28T23:11:32.000-06:00,POINT (-98.197903 19.215293),geolocationms
1.47606E+18,2021-12-28T23:11:34.000-06:00,POINT (-98.197903 19.215293),geolocationms
1.47606E+18,2021-12-28T23:11:37.000-06:00,POINT (-98.197903 19.215293),geolocationms
1.47606E+18,2021-12-28T23:11:52.000-06:00,POINT (-98.197903 19.215293),geolocationms
1.47588E+18,2021-12-28T11:30:34.000-06:00,POINT (-113.59588397 31.35800309),SLealRx
1.47429E+18,2021-12-24T02:04:03.000-06:00,POINT (-103.13952464 23.91062008),HiPeople_21
1.47447E+18,2021-12-24T14:16:15.000-06:00,POINT (-103.13952464 23.91062008),HiPeople_21
1.47439E+18,2021-12-24T08:48:22.000-06:00,POINT (-97.69860836 16.10728138),moycisneros
1.47484E+18,2021-12-25T14:25:03.000-06:00,POINT (-101.9146745 24.20602797),HiPeople_21
1.47463E+18,2021-12-25T00:45:41.000-06:00,POINT (-98.84781188 19.69347389),midocu33
1.47474E+18,2021-12-25T07:58:25.000-06:00,POINT (-102.366667 23.316667),irarturo2010
1.47488E+18,2021-12-25T17:10:18.000-06:00,POINT (-103.13952464 23.91062008),HiPeople_21
1.47488E+18,2021-12-25T17:10:20.000-06:00,POINT (-103.13952464 23.91062008),HiPeople_21
1.4749E+18,2021-12-25T18:21:19.000-06:00,POINT (-99.8833 20.6667),GabrielaMort
1.47464E+18,2021-12-25T01:31:37.000-06:00,POINT (-101.4721204 24.07030119),HiPeople_21
1.47464E+18,2021-12-25T01:31:47.000-06:00,POINT (-101.4721204 24.07030119),HiPeople_21
1.47464E+18,2021-12-25T01:31:54.000-06:00,POINT (-101.4721204 24.07030119),HiPeople_21
1.47464E+18,2021-12-25T01:32:03.000-06:00,POINT (-101.4721204 24.07030119),HiPeople_21
1.47464E+18,2021-12-25T01:32:08.000-06:00,POINT (-101.4721204 24.07030119),HiPeople_21
1.47464E+18,2021-12-25T01:32:10.000-06:00,POINT (-101.4721204 24.07030119),HiPeople_21
1.47465E+18,2021-12-25T01:46:41.000-06:00,POINT (-103.13952464 23.91062008),HiPeople_21
1.47491E+18,2021-12-25T18:55:24.000-06:00,POINT (-98.83504 19.22387903),danypezzinas
1.47465E+18,2021-12-25T02:01:53.000-06:00,POINT (-98.8417 19.2333),JCESAR8411
1.47465E+18,2021-12-25T02:04:27.000-06:00,POINT (-92.81901048 17.99299015),choco_pozol
1.47498E+18,2021-12-25T23:28:10.000-06:00,POINT (-99.701432 16.726805),capomayor
1.47479E+18,2021-12-25T11:05:36.000-06:00,POINT (-101.9146745 24.20602797),HiPeople_21
1.47482E+18,2021-12-25T13:13:12.000-06:00,POINT (-87.01616719 20.31307193),Renelopezmx
1.46894E+18,2021-12-09T08:01:18.000-06:00,POINT (-109.89679544 22.88707368),TravellingEye
1.46916E+18,2021-12-09T22:30:16.000-06:00,POINT (-96.52044961 15.66332273),PezconPies
1.469E+18,2021-12-09T11:30:53.000-06:00,POINT (-98.197419 19.21507),geolocationms
1.469E+18,2021-12-09T11:30:53.000-06:00,POINT (-98.197419 19.21507),geolocationms
1.47163E+18,2021-12-16T18:04:04.000-06:00,POINT (-102.46728804 23.88545573),HiPeople_21
1.47169E+18,2021-12-16T22:03:24.000-06:00,POINT (-98.29144093 19.19110023),BLUTHENGEL
1.47169E+18,2021-12-16T22:03:09.000-06:00,POINT (-102.67474704 23.92512862),HiPeopleNews
1.4715E+18,2021-12-16T09:07:21.000-06:00,POINT (-92.11506128 17.25521172),joshMartinezx
1.47158E+18,2021-12-16T14:27:24.000-06:00,POINT (-109.98262882 22.88475509),kylezimmer11
1.47155E+18,2021-12-16T12:27:37.000-06:00,POINT (-102.37886595 23.49534603),HiPeople_Sport
1.47155E+18,2021-12-16T12:27:34.000-06:00,POINT (-102.37886595 23.49534603),HiPeople_Sport
1.47161E+18,2021-12-16T16:36:50.000-06:00,POINT (-99.94528909 20.74929617),MarleneNoise
1.47155E+18,2021-12-16T12:27:47.000-06:00,POINT (-102.37886595 23.49534603),HiPeople_Sport
1.47158E+18,2021-12-16T14:28:53.000-06:00,POINT (-104.10271753 20.25960485),SubspectMusic
1.47161E+18,2021-12-16T16:40:58.000-06:00,POINT (-98.29122065 19.19044412),CantuTabatha
1.47158E+18,2021-12-16T14:51:41.000-06:00,POINT (-102.37886595 23.49534603),HiPeople_Sport
1.47138E+18,2021-12-16T01:13:23.000-06:00,POINT (-102.366667 23.316667),ricardoburgosl
1.47138E+18,2021-12-16T01:29:54.000-06:00,POINT (-102.366667 23.316667),ricardoburgosl
1.47152E+18,2021-12-16T10:45:07.000-06:00,POINT (-102.67474704 23.92512862),HiPeopleNews
1.47152E+18,2021-12-16T10:55:13.000-06:00,POINT (-98.198629 19.215263),geolocationms
1.47152E+18,2021-12-16T10:55:56.000-06:00,POINT (-109.89679544 22.88707368),gregvaughn23
1.47147E+18,2021-12-16T07:33:04.000-06:00,POINT (-102.67474704 23.92512862),HiPeopleNews
1.4715E+18,2021-12-16T09:27:43.000-06:00,POINT (-87.7239392 18.67192593),GregBrockman
1.4715E+18,2021-12-16T09:28:07.000-06:00,POINT (-87.7239392 18.67192593),GregBrockman
1.47164E+18,2021-12-16T18:21:09.000-06:00,POINT (-102.37886595 23.49534603),HiPeople_Sport
1.47164E+18,2021-12-16T18:29:25.000-06:00,POINT (-102.37886595 23.49534603),HiPeople_Sport
1.47161E+18,2021-12-16T16:39:25.000-06:00,POINT (-92.81274657 17.97044692),churritos_jc
1.4717E+18,2021-12-16T22:37:15.000-06:00,POINT (-102.37886595 23.49534603),HiPeople_Sport
1.4717E+18,2021-12-16T22:37:25.000-06:00,POINT (-102.37886595 23.49534603),HiPeople_Sport
1.47148E+18,2021-12-16T08:03:24.000-06:00,POINT (-90.4202279 19.66543773),Jesssugden
1.47148E+18,2021-12-16T08:04:06.000-06:00,POINT (-102.67474704 23.92512862),HiPeopleNews
1.47148E+18,2021-12-16T08:04:09.000-06:00,POINT (-102.67474704 23.92512862),HiPeopleNews
1.47148E+18,2021-12-16T08:04:19.000-06:00,POINT (-102.67474704 23.92512862),HiPeopleNews
1.47148E+18,2021-12-16T08:04:23.000-06:00,POINT (-102.67474704 23.92512862),HiPeopleNews
1.47148E+18,2021-12-16T08:05:03.000-06:00,POINT (-102.67474704 23.92512862),HiPeopleNews
1.47164E+18,2021-12-16T18:36:03.000-06:00,POINT (-102.37886595 23.49534603),HiPeople_Sport
1.4717E+18,2021-12-16T22:37:06.000-06:00,POINT (-102.37886595 23.49534603),HiPeople_Sport
1.4717E+18,2021-12-16T22:37:10.000-06:00,POINT (-102.37886595 23.49534603),HiPeople_Sport
1.4717E+18,2021-12-16T22:37:38.000-06:00,POINT (-102.37886595 23.49534603),HiPeople_Sport
1.4717E+18,2021-12-16T22:37:46.000-06:00,POINT (-102.37886595 23.49534603),HiPeople_Sport
1.47169E+18,2021-12-16T22:08:16.000-06:00,POINT (-102.37886595 23.49534603),HiPeople_Sport
1.46912E+18,2021-12-09T19:44:53.000-06:00,POINT (-87.44657 20.19554),maliamoonyee
1.46903E+18,2021-12-09T13:48:50.000-06:00,POINT (-87.11649627 20.58490523),_itsaleeduran
1.47137E+18,2021-12-16T00:32:10.000-06:00,POINT (-102.34 18.27),eq_map_ww2
1.47137E+18,2021-12-16T00:53:20.000-06:00,POINT (-102.366667 23.316667),ricardoburgosl
1.4716E+18,2021-12-16T15:39:23.000-06:00,POINT (-99.8833 20.6667),GabrielaMort
1.47154E+18,2021-12-16T12:08:52.000-06:00,POINT (-101.27264982 21.00324342),enriquepuentemx
1.47166E+18,2021-12-16T19:44:04.000-06:00,POINT (-92.81911438 17.99308194),juancarlparedes
1.47166E+18,2021-12-16T19:44:55.000-06:00,POINT (-90.2692 18.9219),WiloContreras
1.47157E+18,2021-12-16T13:51:50.000-06:00,POINT (-88.56778 20.684282),OLuanPereira
1.47168E+18,2021-12-16T21:33:07.000-06:00,POINT (-102.46728804 23.88545573),HiPeople_21
1.47166E+18,2021-12-16T19:53:38.000-06:00,POINT (-102.366667 23.316667),cinnamontwink20
1.46902E+18,2021-12-09T13:00:34.000-06:00,POINT (-105.2494259 20.573576),SteveFM20
1.4691E+18,2021-12-09T18:38:54.000-06:00,POINT (-102.366667 23.316667),TonaMartnez
1.46902E+18,2021-12-09T13:09:35.000-06:00,POINT (-105.2493065 20.5735131),SteveFM20
1.46908E+18,2021-12-09T17:03:28.000-06:00,POINT (-98.197853 19.215139),geolocationms
1.46908E+18,2021-12-09T17:03:28.000-06:00,POINT (-98.197853 19.215139),geolocationms
1.46908E+18,2021-12-09T16:59:30.000-06:00,POINT (-99.87773274 20.69738253),ricardinie
1.46914E+18,2021-12-09T20:57:25.000-06:00,POINT (-92.5948 17.9408),AdzzeGil
1.46909E+18,2021-12-09T17:36:18.000-06:00,POINT (-87.3787 21.5182),sandyluzyfuerza
1.46895E+18,2021-12-09T08:36:34.000-06:00,POINT (-86.81433509 21.26245225),SidemountBob
1.46897E+18,2021-12-09T10:02:23.000-06:00,POINT (-108.52488691 25.29595775),eltavomiguel
1.46905E+18,2021-12-09T15:16:57.000-06:00,POINT (-87.47809547 20.0679174),maliamoonyee
1.47199E+18,2021-12-17T18:03:14.000-06:00,POINT (-102.46728804 23.88545573),HiPeople_21
1.47198E+18,2021-12-17T16:53:28.000-06:00,POINT (-109.98262882 22.88475509),lalo_guzmann
1.47186E+18,2021-12-17T09:17:33.000-06:00,POINT (-100.45898438 24.84656535),lucianobporto
1.47186E+18,2021-12-17T09:16:39.000-06:00,POINT (-96.065632 15.78206329),mondoanuartv
1.472E+18,2021-12-17T18:17:24.000-06:00,POINT (-87.47809547 20.0679174),Katalinadiaz95
1.47195E+18,2021-12-17T14:55:06.000-06:00,POINT (-98.197802 19.215131),geolocationms
1.47195E+18,2021-12-17T14:55:08.000-06:00,POINT (-98.197802 19.215131),geolocationms
1.47192E+18,2021-12-17T12:54:47.000-06:00,POINT (-98.197729 19.215124),geolocationms
1.47195E+18,2021-12-17T15:01:27.000-06:00,POINT (-104.98156568 19.38443768),MONDAYSWIMWEAR
1.47206E+18,2021-12-17T22:08:50.000-06:00,POINT (-102.37886595 23.49534603),HiPeople_Sport
1.47206E+18,2021-12-17T22:09:09.000-06:00,POINT (-102.37886595 23.49534603),HiPeople_Sport
1.47192E+18,2021-12-17T13:09:21.000-06:00,POINT (-102.366667 23.316667),APerezGaribay
1.47192E+18,2021-12-17T13:07:36.000-06:00,POINT (-111.23377957 25.71892667),Isidorom
1.47173E+18,2021-12-17T00:14:10.000-06:00,POINT (-102.46728804 23.88545573),HiPeople_21
1.47173E+18,2021-12-17T00:14:12.000-06:00,POINT (-102.46728804 23.88545573),HiPeople_21
1.47198E+18,2021-12-17T17:18:04.000-06:00,POINT (-102.37886595 23.49534603),HiPeople_Sport
1.47198E+18,2021-12-17T17:20:15.000-06:00,POINT (-100.11900081 25.77991836),soyalexalvarez1
1.47483E+18,2021-12-25T14:01:53.000-06:00,POINT (-98.83307424 19.53189464),Mortifago1
1.47483E+18,2021-12-25T13:55:32.000-06:00,POINT (-101.4721204 24.07030119),HiPeople_21
1.47483E+18,2021-12-25T13:56:06.000-06:00,POINT (-101.9146745 24.20602797),HiPeople_21
1.47492E+18,2021-12-25T19:47:43.000-06:00,POINT (-107.82346904 27.53487884),xanatos
1.47519E+18,2021-12-26T13:49:44.000-06:00,POINT (-100.6836916 18.36421426),alexashipley
1.47526E+18,2021-12-26T18:06:23.000-06:00,POINT (-99.75176096 16.73965012),DiosesReinas
1.47503E+18,2021-12-26T02:46:25.000-06:00,POINT (-92.15 14.6667),RDSanMarcos
1.47526E+18,2021-12-26T18:08:15.000-06:00,POINT (-93.0833 18.1333),keniaELC97
1.47532E+18,2021-12-26T22:06:45.000-06:00,POINT (-101.15 19.9833),jerrygzstar
1.47513E+18,2021-12-26T09:55:33.000-06:00,POINT (-103.13952464 23.91062008),HiPeople_21
1.47499E+18,2021-12-26T00:46:24.000-06:00,POINT (-99.878552 20.512566),madeleonu
1.475E+18,2021-12-26T01:10:04.000-06:00,POINT (-103.13952464 23.91062008),HiPeople_21
1.47532E+18,2021-12-26T22:19:16.000-06:00,POINT (-101.9146745 24.20602797),HiPeople_21
1.47532E+18,2021-12-26T22:19:18.000-06:00,POINT (-101.9146745 24.20602797),HiPeople_21
1.47532E+18,2021-12-26T22:19:20.000-06:00,POINT (-101.9146745 24.20602797),HiPeople_21
1.47532E+18,2021-12-26T22:19:26.000-06:00,POINT (-101.9146745 24.20602797),HiPeople_21
1.47532E+18,2021-12-26T22:19:38.000-06:00,POINT (-102.366667 23.316667),Cadaver_Vivient
1.47518E+18,2021-12-26T12:52:05.000-06:00,POINT (-101.4721204 24.07030119),HiPeople_21
1.47568E+18,2021-12-27T21:53:54.000-06:00,POINT (-98.4471004 18.85377815),LuisargentinoG
1.47568E+18,2021-12-27T21:53:58.000-06:00,POINT (-99.8667 20.5167),CristhhianD
1.47562E+18,2021-12-27T18:10:26.000-06:00,POINT (-102.366667 23.316667),hablandodedios_
1.47562E+18,2021-12-27T18:10:10.000-06:00,POINT (-98.4471004 18.85377815),LuisargentinoG
1.47562E+18,2021-12-27T18:11:01.000-06:00,POINT (-96.71866 17.096959),alex_neox
1.4747E+18,2021-12-25T05:06:49.000-06:00,POINT (-102.366667 23.316667),MaryMenchacaW
1.47471E+18,2021-12-25T05:42:12.000-06:00,POINT (-101.4721204 24.07030119),HiPeople_21
1.47502E+18,2021-12-26T02:14:31.000-06:00,POINT (-98.650844 20.985185),NSalvamed
1.47526E+18,2021-12-26T18:01:15.000-06:00,POINT (-101.9146745 24.20602797),HiPeople_21
1.47526E+18,2021-12-26T18:01:17.000-06:00,POINT (-101.9146745 24.20602797),HiPeople_21
1.47502E+18,2021-12-26T02:19:37.000-06:00,POINT (-101.4721204 24.07030119),HiPeople_21
1.47529E+18,2021-12-26T20:28:16.000-06:00,POINT (-101.361516 20.954968),LC_Brenn
1.47529E+18,2021-12-26T20:28:22.000-06:00,POINT (-98.84781188 19.69347389),JC_GRANADOS
1.47507E+18,2021-12-26T05:29:07.000-06:00,POINT (-103.13952464 23.91062008),HiPeople_21
1.47501E+18,2021-12-26T01:48:06.000-06:00,POINT (-103.13952464 23.91062008),HiPeople_21
1.475E+18,2021-12-26T01:18:14.000-06:00,POINT (-101.9146745 24.20602797),HiPeople_21
1.475E+18,2021-12-26T01:18:19.000-06:00,POINT (-101.9146745 24.20602797),HiPeople_21
1.475E+18,2021-12-26T01:18:33.000-06:00,POINT (-101.9146745 24.20602797),HiPeople_21
1.475E+18,2021-12-26T01:18:50.000-06:00,POINT (-101.9146745 24.20602797),HiPeople_21
1.475E+18,2021-12-26T01:18:52.000-06:00,POINT (-101.9146745 24.20602797),HiPeople_21
1.4753E+18,2021-12-26T21:01:40.000-06:00,POINT (-96.91528751 18.48191789),Mr_Skinny07
1.47532E+18,2021-12-26T22:36:52.000-06:00,POINT (-99.878552 20.512566),madeleonu
1.47532E+18,2021-12-26T22:32:06.000-06:00,POINT (-103.13952464 23.91062008),HiPeople_21
1.47515E+18,2021-12-26T10:54:53.000-06:00,POINT (-99.199622 19.030325),pirovelvet76
1.47515E+18,2021-12-26T10:56:01.000-06:00,POINT (-102 23),eficaz_seguro
1.47533E+18,2021-12-26T22:46:42.000-06:00,POINT (-101.4721204 24.07030119),HiPeople_21
1.47531E+18,2021-12-26T21:31:03.000-06:00,POINT (-98.47063065 19.31714242),HCesarPerezP1
1.47512E+18,2021-12-26T09:20:53.000-06:00,POINT (-101.4721204 24.07030119),HiPeople_21
1.47477E+18,2021-12-25T09:55:35.000-06:00,POINT (-87.12124723 20.58152564),AnnyStar_
1.4752E+18,2021-12-26T14:07:29.000-06:00,POINT (-100.23407171 25.88069656),dich07171
1.47529E+18,2021-12-26T20:12:26.000-06:00,POINT (-98.95798956 19.73743441),arevalo_daa
1.47505E+18,2021-12-26T04:32:04.000-06:00,POINT (-103.13952464 23.91062008),HiPeople_21
1.47523E+18,2021-12-26T16:17:58.000-06:00,POINT (-87.37306595 21.5233497),ThisWayParadise
1.47517E+18,2021-12-26T12:11:13.000-06:00,POINT (-101.55150076 17.62103064),IrmaASantiago
1.47517E+18,2021-12-26T12:11:45.000-06:00,POINT (-98.69286999 20.16909582),FonteAqua
1.47499E+18,2021-12-26T00:40:36.000-06:00,POINT (-101.53919692 22.97681088),Sentinel2Bot
1.47532E+18,2021-12-26T22:21:33.000-06:00,POINT (-101.9146745 24.20602797),HiPeople_21
1.47532E+18,2021-12-26T22:20:18.000-06:00,POINT (-101.9146745 24.20602797),HiPeople_21
1.47532E+18,2021-12-26T22:20:33.000-06:00,POINT (-101.9146745 24.20602797),HiPeople_21
1.47532E+18,2021-12-26T22:21:12.000-06:00,POINT (-101.9146745 24.20602797),HiPeople_21
1.47532E+18,2021-12-26T22:22:20.000-06:00,POINT (-101.9146745 24.20602797),HiPeople_21
1.4753E+18,2021-12-26T20:54:27.000-06:00,POINT (-96.91528751 18.48191789),Mr_Skinny07
1.47517E+18,2021-12-26T12:36:19.000-06:00,POINT (-101.9146745 24.20602797),HiPeople_21
1.47517E+18,2021-12-26T12:36:33.000-06:00,POINT (-103.13952464 23.91062008),HiPeople_21
1.4753E+18,2021-12-26T20:49:36.000-06:00,POINT (-99.75176096 16.73965012),DiosesReinas
1.4755E+18,2021-12-27T10:14:34.000-06:00,POINT (-103.14520098 20.57037946),Gabo2811
1.4755E+18,2021-12-27T10:19:48.000-06:00,POINT (-88.38518143 20.62892859),jdanielAmaro
1.47499E+18,2021-12-26T00:10:36.000-06:00,POINT (-99.878552 20.512566),madeleonu
1.47531E+18,2021-12-26T21:54:56.000-06:00,POINT (-115.35553671 32.59271616),JesusJackLion
1.47517E+18,2021-12-26T12:23:50.000-06:00,POINT (-87.3787 21.5182),Josh_Arevalo
1.47532E+18,2021-12-26T22:06:13.000-06:00,POINT (-87.27327833 20.45388333),MelissaTheGood
1.47514E+18,2021-12-26T10:17:05.000-06:00,POINT (-97.69860836 16.10728138),moycisneros
1.47525E+18,2021-12-26T17:21:35.000-06:00,POINT (-103.13952464 23.91062008),HiPeople_21
1.47515E+18,2021-12-26T11:18:46.000-06:00,POINT (-96.52044961 15.66332273),LuluEros
1.47531E+18,2021-12-26T21:24:30.000-06:00,POINT (-88.56778 20.684282),The_hashtag_boy
1.47563E+18,2021-12-27T18:30:35.000-06:00,POINT (-87.11906558 20.58250337),vpassariello
1.47563E+18,2021-12-27T18:32:12.000-06:00,POINT (-99.957652 19.174125),Rockyourfreakin
1.47535E+18,2021-12-27T00:36:01.000-06:00,POINT (-102.366667 23.316667),bryangrafix
1.47535E+18,2021-12-27T00:28:20.000-06:00,POINT (-91.75 16.5),Soy_Orellana_
1.47558E+18,2021-12-27T15:45:48.000-06:00,POINT (-100.60768826 23.61770849),AntonioRosalesM
1.47603E+18,2021-12-28T21:35:50.000-06:00,POINT (-86.96298838 20.77003835),IvenioHermes
1.47597E+18,2021-12-28T17:26:16.000-06:00,POINT (-92.81911501 17.99307893),FannyEV
1.47598E+18,2021-12-28T18:15:21.000-06:00,POINT (-102.32563019 22.71412324),JohnFajardo
1.47592E+18,2021-12-28T13:52:20.000-06:00,POINT (-96.52044961 15.66332273),LuluEros
1.47589E+18,2021-12-28T11:54:49.000-06:00,POINT (-98.84781188 19.69347389),RodolfoLasso
1.47604E+18,2021-12-28T21:47:48.000-06:00,POINT (-103.13952464 23.91062008),HiPeople_21
1.47604E+18,2021-12-28T21:47:50.000-06:00,POINT (-103.13952464 23.91062008),HiPeople_21
1.47583E+18,2021-12-28T08:14:07.000-06:00,POINT (-103.13952464 23.91062008),HiPeople_21
1.47604E+18,2021-12-28T22:11:58.000-06:00,POINT (-98.197901 19.215289),geolocationms
1.47604E+18,2021-12-28T22:12:03.000-06:00,POINT (-98.197901 19.215289),geolocationms
1.47604E+18,2021-12-28T22:11:20.000-06:00,POINT (-98.197901 19.215289),geolocationms
1.47604E+18,2021-12-28T22:11:21.000-06:00,POINT (-98.197901 19.215289),geolocationms
1.47604E+18,2021-12-28T22:11:22.000-06:00,POINT (-98.197901 19.215289),geolocationms
1.47604E+18,2021-12-28T22:11:31.000-06:00,POINT (-98.197901 19.215289),geolocationms
1.47604E+18,2021-12-28T22:11:38.000-06:00,POINT (-98.197901 19.215289),geolocationms
1.47604E+18,2021-12-28T22:11:41.000-06:00,POINT (-98.197901 19.215289),geolocationms
1.47604E+18,2021-12-28T22:11:48.000-06:00,POINT (-98.197901 19.215289),geolocationms
1.47604E+18,2021-12-28T22:11:54.000-06:00,POINT (-98.197901 19.215289),geolocationms
1.47595E+18,2021-12-28T16:11:27.000-06:00,POINT (-98.19769 19.2147),geolocationms
1.47583E+18,2021-12-28T08:19:25.000-06:00,POINT (-101.4721204 24.07030119),HiPeople_21
1.47592E+18,2021-12-28T14:17:10.000-06:00,POINT (-96.52044961 15.66332273),javive
1.47583E+18,2021-12-28T08:21:11.000-06:00,POINT (-103.13952464 23.91062008),HiPeople_21
1.47583E+18,2021-12-28T08:21:16.000-06:00,POINT (-103.13952464 23.91062008),HiPeople_21
1.47583E+18,2021-12-28T08:21:26.000-06:00,POINT (-101.9146745 24.20602797),HiPeople_21
1.47584E+18,2021-12-28T08:36:13.000-06:00,POINT (-87.47809547 20.0679174),eltiposinnombre
1.47584E+18,2021-12-28T08:36:34.000-06:00,POINT (-96.2591289 15.77212927),osvaldinho8
1.47599E+18,2021-12-28T18:39:27.000-06:00,POINT (-100.43260298 20.66484163),LeoMillan
1.47599E+18,2021-12-28T18:49:03.000-06:00,POINT (-107.40298988 24.75591584),diarioesgris
1.47513E+18,2021-12-26T09:35:17.000-06:00,POINT (-101.9146745 24.20602797),HiPeople_21
1.47483E+18,2021-12-25T14:10:05.000-06:00,POINT (-101.9146745 24.20602797),HiPeople_21
1.47513E+18,2021-12-26T09:47:52.000-06:00,POINT (-87.283199 20.446372),Cometin340
1.47513E+18,2021-12-26T09:50:38.000-06:00,POINT (-101.4721204 24.07030119),HiPeople_21
1.47524E+18,2021-12-26T16:43:08.000-06:00,POINT (-99.11281586 18.72860786),fdiazmoreno
1.47524E+18,2021-12-26T17:07:21.000-06:00,POINT (-109.733 29.2833),AntonioNoriegaN
1.47524E+18,2021-12-26T17:08:43.000-06:00,POINT (-100.04197598 25.23297274),Losertin
1.47512E+18,2021-12-26T09:01:08.000-06:00,POINT (-101.9146745 24.20602797),HiPeople_21
1.47528E+18,2021-12-26T19:19:39.000-06:00,POINT (-104.6988532 24.10969877),nayelindaa
1.47525E+18,2021-12-26T17:58:37.000-06:00,POINT (-101.4721204 24.07030119),HiPeople_21
1.47525E+18,2021-12-26T17:58:40.000-06:00,POINT (-103.13952464 23.91062008),HiPeople_21
1.47562E+18,2021-12-27T18:14:26.000-06:00,POINT (-102.70195367 19.80082425),jromerophotog
1.4755E+18,2021-12-27T10:09:23.000-06:00,POINT (-103.13952464 23.91062008),HiPeople_21
1.47559E+18,2021-12-27T16:06:45.000-06:00,POINT (-103.19224119 20.28141639),CARLOSITOLEDOV
1.47556E+18,2021-12-27T14:00:46.000-06:00,POINT (-116.67075331 32.02997832),voleac
1.47556E+18,2021-12-27T14:06:51.000-06:00,POINT (-99.8833 20.6667),GabrielaMort
1.47571E+18,2021-12-28T00:01:57.000-06:00,POINT (-96.52044961 15.66332273),javive
1.47594E+18,2021-12-28T15:29:31.000-06:00,POINT (-104.31161546 23.94096917),rulo_var
1.47598E+18,2021-12-28T18:11:23.000-06:00,POINT (-98.197815 19.21513),geolocationms
1.47598E+18,2021-12-28T18:11:24.000-06:00,POINT (-98.197815 19.21513),geolocationms
1.47598E+18,2021-12-28T18:11:26.000-06:00,POINT (-98.197815 19.21513),geolocationms
1.47598E+18,2021-12-28T18:11:28.000-06:00,POINT (-98.197815 19.21513),geolocationms
1.47598E+18,2021-12-28T18:11:36.000-06:00,POINT (-98.197816 19.21513),geolocationms
1.47598E+18,2021-12-28T18:11:42.000-06:00,POINT (-98.197816 19.21513),geolocationms
1.47598E+18,2021-12-28T18:11:44.000-06:00,POINT (-98.197816 19.21513),geolocationms
1.47598E+18,2021-12-28T18:11:47.000-06:00,POINT (-98.197816 19.21513),geolocationms
1.47598E+18,2021-12-28T18:12:00.000-06:00,POINT (-98.197816 19.215129),geolocationms
1.47598E+18,2021-12-28T18:12:06.000-06:00,POINT (-98.197816 19.215129),geolocationms
1.47589E+18,2021-12-28T11:48:48.000-06:00,POINT (-88.56778 20.684282),Pavka_pvk
1.47601E+18,2021-12-28T20:06:11.000-06:00,POINT (-101.25 21.94304553),DwayneCash10
1.47601E+18,2021-12-28T20:00:47.000-06:00,POINT (-98.197908 19.215285),geolocationms
1.47589E+18,2021-12-28T12:13:26.000-06:00,POINT (-104.93231893 21.53671323),Elinef93
1.47601E+18,2021-12-28T20:11:30.000-06:00,POINT (-98.197911 19.215288),geolocationms
1.47601E+18,2021-12-28T20:11:34.000-06:00,POINT (-98.197911 19.215288),geolocationms
1.47601E+18,2021-12-28T20:11:20.000-06:00,POINT (-98.197911 19.215288),geolocationms
1.47601E+18,2021-12-28T20:11:23.000-06:00,POINT (-98.197911 19.215288),geolocationms
1.47601E+18,2021-12-28T20:11:29.000-06:00,POINT (-98.197911 19.215288),geolocationms
1.47601E+18,2021-12-28T20:11:39.000-06:00,POINT (-98.197911 19.215288),geolocationms
1.47601E+18,2021-12-28T20:11:40.000-06:00,POINT (-98.197911 19.215288),geolocationms
1.47601E+18,2021-12-28T20:11:43.000-06:00,POINT (-98.197911 19.215288),geolocationms
1.47601E+18,2021-12-28T20:11:45.000-06:00,POINT (-98.197911 19.215288),geolocationms
1.47601E+18,2021-12-28T20:11:49.000-06:00,POINT (-98.197911 19.215288),geolocationms
1.47601E+18,2021-12-28T20:11:51.000-06:00,POINT (-98.197911 19.215288),geolocationms
1.47601E+18,2021-12-28T20:12:00.000-06:00,POINT (-98.197911 19.215288),geolocationms
1.47601E+18,2021-12-28T20:11:38.000-06:00,POINT (-98.197911 19.215288),geolocationms
1.47601E+18,2021-12-28T20:14:18.000-06:00,POINT (-88.20595147 20.74612914),Ggabosacademy
1.47604E+18,2021-12-28T22:00:51.000-06:00,POINT (-98.197901 19.21529),geolocationms
1.47601E+18,2021-12-28T20:16:34.000-06:00,POINT (-99.94144182 25.41631126),JazzExploring
1.47374E+18,2021-12-22T13:35:12.000-06:00,POINT (-103.13952464 23.91062008),HiPeople_21
1.47374E+18,2021-12-22T13:37:18.000-06:00,POINT (-101.4721204 24.07030119),HiPeople_21
1.47377E+18,2021-12-22T15:54:00.000-06:00,POINT (-87.47809547 20.0679174),isauribee
1.47375E+18,2021-12-22T14:04:21.000-06:00,POINT (-101.4721204 24.07030119),HiPeople_21
1.47372E+18,2021-12-22T12:03:40.000-06:00,POINT (-87.7167 18.7167),YORCH_21
1.47377E+18,2021-12-22T15:49:25.000-06:00,POINT (-98.84781188 19.69347389),Alex_for_WA
1.47374E+18,2021-12-22T13:42:10.000-06:00,POINT (-103.13952464 23.91062008),HiPeople_21
1.47366E+18,2021-12-22T08:04:24.000-06:00,POINT (-102.366667 23.316667),3RPrimo
1.47366E+18,2021-12-22T08:04:39.000-06:00,POINT (-101.4721204 24.07030119),HiPeople_21
1.47366E+18,2021-12-22T08:08:03.000-06:00,POINT (-100.88 25.59),DepremDunya
1.4737E+18,2021-12-22T11:08:25.000-06:00,POINT (-87.47809547 20.0679174),bl_a_nk_doe
1.4739E+18,2021-12-23T00:34:12.000-06:00,POINT (-101.9146745 24.20602797),HiPeople_21
1.4739E+18,2021-12-23T00:34:14.000-06:00,POINT (-101.9146745 24.20602797),HiPeople_21
1.4739E+18,2021-12-23T00:34:08.000-06:00,POINT (-101.9146745 24.20602797),HiPeople_21
1.47401E+18,2021-12-23T07:51:08.000-06:00,POINT (-101.4721204 24.07030119),HiPeople_21
1.47401E+18,2021-12-23T07:51:16.000-06:00,POINT (-101.9146745 24.20602797),HiPeople_21
1.47403E+18,2021-12-23T09:03:24.000-06:00,POINT (-101.4721204 24.07030119),HiPeople_21
1.47403E+18,2021-12-23T09:03:26.000-06:00,POINT (-101.4721204 24.07030119),HiPeople_21
1.47384E+18,2021-12-22T20:24:58.000-06:00,POINT (-100.3283263 20.58560275),Celtic_King
1.47381E+18,2021-12-22T18:21:44.000-06:00,POINT (-86.851046 20.900905),Yuliannap
1.47384E+18,2021-12-22T20:29:11.000-06:00,POINT (-101.4721204 24.07030119),HiPeople_21
1.47368E+18,2021-12-22T09:55:38.000-06:00,POINT (-101.4721204 24.07030119),HiPeople_21
1.47368E+18,2021-12-22T09:55:40.000-06:00,POINT (-101.4721204 24.07030119),HiPeople_21
1.47381E+18,2021-12-22T18:25:01.000-06:00,POINT (-101.6167 27.1333),object82
1.47365E+18,2021-12-22T07:43:05.000-06:00,POINT (-94.61168289 17.95587251),iiQuality
1.47378E+18,2021-12-22T16:14:10.000-06:00,POINT (-101.4721204 24.07030119),HiPeople_21
1.47378E+18,2021-12-22T16:14:13.000-06:00,POINT (-101.4721204 24.07030119),HiPeople_21
1.47385E+18,2021-12-22T21:01:16.000-06:00,POINT (-102.366667 23.316667),chuchinj
1.47383E+18,2021-12-22T19:23:17.000-06:00,POINT (-103.13952464 23.91062008),HiPeople_21
1.47375E+18,2021-12-22T14:39:03.000-06:00,POINT (-103.309937 20.086889),ItsSunnyAnd75
1.47376E+18,2021-12-22T14:45:05.000-06:00,POINT (-101.9146745 24.20602797),HiPeople_21
1.47376E+18,2021-12-22T14:45:08.000-06:00,POINT (-101.9146745 24.20602797),HiPeople_21
1.47389E+18,2021-12-22T23:43:05.000-06:00,POINT (-101.4721204 24.07030119),HiPeople_21
1.47377E+18,2021-12-22T15:21:33.000-06:00,POINT (-101.9146745 24.20602797),HiPeople_21
1.4741E+18,2021-12-23T13:42:59.000-06:00,POINT (-102.133 19.85),Vanguardiashow
1.47401E+18,2021-12-23T07:22:40.000-06:00,POINT (-103.13952464 23.91062008),HiPeople_21
1.47405E+18,2021-12-23T10:11:17.000-06:00,POINT (-87.02626959 20.69176836),AllymissLove
1.47402E+18,2021-12-23T08:19:04.000-06:00,POINT (-103.13952464 23.91062008),HiPeople_21
1.47403E+18,2021-12-23T08:55:11.000-06:00,POINT (-101.4721204 24.07030119),HiPeople_21
1.47406E+18,2021-12-23T11:05:43.000-06:00,POINT (-100.11153399 25.77450631),DanniieST
1.47406E+18,2021-12-23T11:10:37.000-06:00,POINT (-105.24632829 20.69014338),thenicholeb
1.47403E+18,2021-12-23T08:58:44.000-06:00,POINT (-87.02239762 20.37005968),alison_willis
1.47395E+18,2021-12-23T03:37:04.000-06:00,POINT (-101.9146745 24.20602797),HiPeople_21
1.47395E+18,2021-12-23T03:51:03.000-06:00,POINT (-101.9146745 24.20602797),HiPeople_21
1.47408E+18,2021-12-23T12:22:40.000-06:00,POINT (-101.9146745 24.20602797),HiPeople_21
1.47414E+18,2021-12-23T16:19:57.000-06:00,POINT (-87.43017621 20.21501858),FidelRangelIV
1.47421E+18,2021-12-23T20:48:14.000-06:00,POINT (-101.4721204 24.07030119),HiPeople_21
1.47411E+18,2021-12-23T14:24:54.000-06:00,POINT (-87.43229245 20.21611349),erikaexplorista
1.47415E+18,2021-12-23T16:30:22.000-06:00,POINT (-105.47679448 20.81447645),espiaramos
1.47412E+18,2021-12-23T14:29:54.000-06:00,POINT (-105.34411719 20.50681806),Jorge_L_Pacheco
1.47414E+18,2021-12-23T16:28:34.000-06:00,POINT (-101.9146745 24.20602797),HiPeople_21
1.47415E+18,2021-12-23T16:33:09.000-06:00,POINT (-101.4721204 24.07030119),HiPeople_21
1.4734E+18,2021-12-21T15:05:35.000-06:00,POINT (-86.81293488 21.25418182),nannermack
1.47337E+18,2021-12-21T12:56:33.000-06:00,POINT (-103.13952464 23.91062008),HiPeople_21
1.47337E+18,2021-12-21T13:03:15.000-06:00,POINT (-101.9146745 24.20602797),HiPeople_21
1.47337E+18,2021-12-21T13:03:25.000-06:00,POINT (-103.13952464 23.91062008),HiPeople_21
1.47337E+18,2021-12-21T13:03:27.000-06:00,POINT (-103.13952464 23.91062008),HiPeople_21
1.47337E+18,2021-12-21T13:04:10.000-06:00,POINT (-103.13952464 23.91062008),HiPeople_21
1.47343E+18,2021-12-21T17:10:49.000-06:00,POINT (-96.13104433 15.75332625),osvaldinho8
1.4733E+18,2021-12-21T08:32:43.000-06:00,POINT (-97.89206641 22.21337439),alanisrocket
1.47333E+18,2021-12-21T10:33:59.000-06:00,POINT (-98.4471004 18.85377815),Charlie_Dimitry
1.47321E+18,2021-12-21T02:24:10.000-06:00,POINT (-100.11472495 25.77727814),marisgar
1.47339E+18,2021-12-21T14:26:38.000-06:00,POINT (-91.73244328 16.92796441),CaarlosGuillen
1.47347E+18,2021-12-21T19:27:10.000-06:00,POINT (-101.9146745 24.20602797),HiPeople_21
1.47347E+18,2021-12-21T19:28:12.000-06:00,POINT (-101.9146745 24.20602797),HiPeople_21
1.47336E+18,2021-12-21T12:20:52.000-06:00,POINT (-102.366667 23.316667),ShariTeran
1.47349E+18,2021-12-21T21:08:11.000-06:00,POINT (-101.9146745 24.20602797),HiPeople_21
1.47342E+18,2021-12-21T16:19:04.000-06:00,POINT (-101.9146745 24.20602797),HiPeople_21
1.47349E+18,2021-12-21T20:54:16.000-06:00,POINT (-101.9146745 24.20602797),HiPeople_21
1.47349E+18,2021-12-21T20:54:38.000-06:00,POINT (-101.9146745 24.20602797),HiPeople_21
1.47349E+18,2021-12-21T20:54:41.000-06:00,POINT (-101.9146745 24.20602797),HiPeople_21
1.47349E+18,2021-12-21T20:54:43.000-06:00,POINT (-101.9146745 24.20602797),HiPeople_21
1.47349E+18,2021-12-21T20:54:45.000-06:00,POINT (-101.9146745 24.20602797),HiPeople_21
1.47349E+18,2021-12-21T20:54:48.000-06:00,POINT (-101.9146745 24.20602797),HiPeople_21
1.47346E+18,2021-12-21T19:24:10.000-06:00,POINT (-103.13952464 23.91062008),HiPeople_21
1.47346E+18,2021-12-21T19:24:15.000-06:00,POINT (-103.13952464 23.91062008),HiPeople_21
1.47336E+18,2021-12-21T12:16:20.000-06:00,POINT (-99.14477479 19.01934289),edvier
1.47347E+18,2021-12-21T19:27:08.000-06:00,POINT (-101.9146745 24.20602797),HiPeople_21
1.47347E+18,2021-12-21T19:27:37.000-06:00,POINT (-101.9146745 24.20602797),HiPeople_21
1.47342E+18,2021-12-21T16:25:35.000-06:00,POINT (-103.13952464 23.91062008),HiPeople_21
1.47336E+18,2021-12-21T12:11:04.000-06:00,POINT (-101.9146745 24.20602797),HiPeople_21
1.47341E+18,2021-12-21T15:45:05.000-06:00,POINT (-101.9146745 24.20602797),HiPeople_21
1.47348E+18,2021-12-21T20:30:14.000-06:00,POINT (-92.5582 14.9784),eq_map_ww
1.47348E+18,2021-12-21T20:30:15.000-06:00,POINT (-92.5582 14.9784),eq_map_es
1.47348E+18,2021-12-21T20:30:18.000-06:00,POINT (-101.9146745 24.20602797),HiPeople_21
1.47348E+18,2021-12-21T20:30:23.000-06:00,POINT (-92.5582 14.9784),earthshook
1.47341E+18,2021-12-21T15:48:23.000-06:00,POINT (-99.128745 16.606645),pirovelvet76
1.47341E+18,2021-12-21T15:48:47.000-06:00,POINT (-99.11525306 16.60297045),pirovelvet76
1.47338E+18,2021-12-21T13:43:49.000-06:00,POINT (-102.366667 23.316667),isra9520
1.47344E+18,2021-12-21T17:54:07.000-06:00,POINT (-100.81248842 25.28367744),lusiguima
1.47345E+18,2021-12-21T18:42:33.000-06:00,POINT (-109.8985528 22.88352307),TiffanyLWright7
1.47346E+18,2021-12-21T18:51:34.000-06:00,POINT (-103.19224119 20.28141639),tonnyrocha23
1.47348E+18,2021-12-21T20:42:14.000-06:00,POINT (-103.13952464 23.91062008),HiPeople_21
1.47341E+18,2021-12-21T16:04:03.000-06:00,POINT (-103.13952464 23.91062008),HiPeople_21
1.47332E+18,2021-12-21T10:05:39.000-06:00,POINT (-110.3325 24.47138889),ViveLaPazMexico
1.47319E+18,2021-12-21T00:54:29.000-06:00,POINT (-102.366667 23.316667),LaiaVinas
1.47338E+18,2021-12-21T14:08:33.000-06:00,POINT (-86.81428037 21.30158814),EdytaSatchell
1.47335E+18,2021-12-21T12:04:23.000-06:00,POINT (-101.4721204 24.07030119),HiPeople_21
1.47337E+18,2021-12-21T13:10:12.000-06:00,POINT (-101.4721204 24.07030119),HiPeople_21
1.47334E+18,2021-12-21T11:13:15.000-06:00,POINT (-99.34037447 20.06408433),rubxyorke
1.47334E+18,2021-12-21T11:17:58.000-06:00,POINT (-109.68112396 23.08010044),betabob26
1.4738E+18,2021-12-22T17:44:08.000-06:00,POINT (-99.03358849 19.45846756),pata_de_rufo
1.47306E+18,2021-12-20T16:45:01.000-06:00,POINT (-104.9 21.1375),object82
1.47315E+18,2021-12-20T22:33:04.000-06:00,POINT (-102.366667 23.316667),Effatthyma_
1.47283E+18,2021-12-20T01:30:39.000-06:00,POINT (-102.67474704 23.92512862),HiPeople_21
1.47294E+18,2021-12-20T08:34:36.000-06:00,POINT (-103.3015325 20.52536708),PedroVallejo4
1.47297E+18,2021-12-20T10:40:16.000-06:00,POINT (-98.56195704 20.2376064),CHAC_TTER
1.47301E+18,2021-12-20T13:33:49.000-06:00,POINT (-102.67474704 23.92512862),HiPeople_21
1.47313E+18,2021-12-20T21:27:44.000-06:00,POINT (-101.94138409 22.03795081),RichardEsNet
1.47302E+18,2021-12-20T13:48:38.000-06:00,POINT (-102.67474704 23.92512862),HiPeople_21
1.47295E+18,2021-12-20T09:40:01.000-06:00,POINT (-104.3333 24.3333),object82
1.47302E+18,2021-12-20T13:44:35.000-06:00,POINT (-102.37886595 23.49534603),HiPeople_21
1.47311E+18,2021-12-20T19:46:42.000-06:00,POINT (-100.43427305 25.23226942),mikeflacomx
1.47316E+18,2021-12-20T23:05:54.000-06:00,POINT (-103.47457266 20.71600016),ZeRcHo_o
1.47316E+18,2021-12-20T23:06:22.000-06:00,POINT (-102.67474704 23.92512862),HiPeople_21
1.47316E+18,2021-12-20T23:06:25.000-06:00,POINT (-102.67474704 23.92512862),HiPeople_21
1.47548E+18,2021-12-27T09:09:47.000-06:00,POINT (-87.7167 18.7167),zackpapayo
1.47551E+18,2021-12-27T11:10:23.000-06:00,POINT (-96.7655772 17.0462761),eduardospl96
1.47552E+18,2021-12-27T11:21:04.000-06:00,POINT (-86.98814394 20.27287068),JaimieCasting
1.47583E+18,2021-12-28T07:59:05.000-06:00,POINT (-101.4721204 24.07030119),HiPeople_21
1.47583E+18,2021-12-28T08:14:09.000-06:00,POINT (-103.13952464 23.91062008),HiPeople_21
1.47583E+18,2021-12-28T08:14:12.000-06:00,POINT (-101.9146745 24.20602797),HiPeople_21
1.47599E+18,2021-12-28T18:40:30.000-06:00,POINT (-102.366667 23.316667),Hellraizersband
1.47606E+18,2021-12-28T23:00:46.000-06:00,POINT (-98.197928 19.215198),geolocationms
1.47603E+18,2021-12-28T21:11:35.000-06:00,POINT (-98.197902 19.215287),geolocationms
1.47603E+18,2021-12-28T21:11:41.000-06:00,POINT (-98.197902 19.215287),geolocationms
1.47603E+18,2021-12-28T21:11:27.000-06:00,POINT (-98.197902 19.215287),geolocationms
1.47603E+18,2021-12-28T21:11:31.000-06:00,POINT (-98.197902 19.215287),geolocationms
1.47603E+18,2021-12-28T21:07:07.000-06:00,POINT (-100.00035585 20.2043965),_thrillington
1.47554E+18,2021-12-27T13:01:29.000-06:00,POINT (-100.54646988 25.73480654),ridenconquer
1.47548E+18,2021-12-27T08:56:37.000-06:00,POINT (-112.71 30.37),eq_map_es2
1.47604E+18,2021-12-28T21:47:45.000-06:00,POINT (-103.13952464 23.91062008),HiPeople_21
1.47604E+18,2021-12-28T21:47:53.000-06:00,POINT (-103.13952464 23.91062008),HiPeople_21
1.47601E+18,2021-12-28T20:11:54.000-06:00,POINT (-98.197911 19.215288),geolocationms
1.47601E+18,2021-12-28T20:11:56.000-06:00,POINT (-98.197911 19.215288),geolocationms
1.47601E+18,2021-12-28T20:11:58.000-06:00,POINT (-98.197911 19.215288),geolocationms
1.47601E+18,2021-12-28T20:12:01.000-06:00,POINT (-98.197911 19.215288),geolocationms
1.47601E+18,2021-12-28T20:12:02.000-06:00,POINT (-98.197911 19.215288),geolocationms
1.47601E+18,2021-12-28T20:12:05.000-06:00,POINT (-98.197911 19.215288),geolocationms
1.47604E+18,2021-12-28T22:00:51.000-06:00,POINT (-98.197901 19.21529),geolocationms
1.47584E+18,2021-12-28T08:44:04.000-06:00,POINT (-103.13952464 23.91062008),HiPeople_21
1.47602E+18,2021-12-28T20:48:58.000-06:00,POINT (-92.04710265 17.48409123),Linisho_Fdez
1.47597E+18,2021-12-28T17:21:15.000-06:00,POINT (-98.5712744 20.1918017),YunkyV
1.47597E+18,2021-12-28T17:20:21.000-06:00,POINT (-103.13952464 23.91062008),HiPeople_21
1.47549E+18,2021-12-27T09:18:29.000-06:00,POINT (-88.9151 20.7523),cabancondosmex
1.47549E+18,2021-12-27T09:21:39.000-06:00,POINT (-87.47809547 20.0679174),Sakrodj
1.47549E+18,2021-12-27T09:25:33.000-06:00,POINT (-103.13952464 23.91062008),HiPeople_21
1.47552E+18,2021-12-27T11:24:40.000-06:00,POINT (-99.94144182 25.41631126),_rusovlogs
1.47544E+18,2021-12-27T06:29:05.000-06:00,POINT (-100.11066832 25.60996649),fray_foto
1.47561E+18,2021-12-27T17:33:59.000-06:00,POINT (-105.12844047 19.58808194),FranMung
1.47597E+18,2021-12-28T17:32:13.000-06:00,POINT (-101.47980553 17.60386292),CheJoel
1.47597E+18,2021-12-28T17:37:16.000-06:00,POINT (-101.4721204 24.07030119),HiPeople_21
1.47598E+18,2021-12-28T18:11:50.000-06:00,POINT (-98.197816 19.21513),geolocationms
1.47598E+18,2021-12-28T18:11:51.000-06:00,POINT (-98.197816 19.21513),geolocationms
1.47598E+18,2021-12-28T18:11:52.000-06:00,POINT (-98.197816 19.21513),geolocationms
1.47598E+18,2021-12-28T18:11:37.000-06:00,POINT (-98.197816 19.21513),geolocationms
1.47598E+18,2021-12-28T18:11:41.000-06:00,POINT (-98.197816 19.21513),geolocationms
1.47598E+18,2021-12-28T18:11:23.000-06:00,POINT (-98.197815 19.21513),geolocationms
1.47598E+18,2021-12-28T18:11:23.000-06:00,POINT (-98.197815 19.21513),geolocationms
1.47598E+18,2021-12-28T18:11:31.000-06:00,POINT (-98.197815 19.21513),geolocationms
1.47598E+18,2021-12-28T18:12:07.000-06:00,POINT (-98.197816 19.215129),geolocationms
1.47598E+18,2021-12-28T18:12:10.000-06:00,POINT (-98.197816 19.215129),geolocationms
1.47598E+18,2021-12-28T18:12:12.000-06:00,POINT (-98.197816 19.215129),geolocationms
1.47598E+18,2021-12-28T18:11:32.000-06:00,POINT (-98.197815 19.21513),geolocationms
1.47592E+18,2021-12-28T13:45:51.000-06:00,POINT (-102.366667 23.316667),agent_luxury
1.47598E+18,2021-12-28T18:15:00.000-06:00,POINT (-113.59588397 31.35800309),SLealRx
1.47597E+18,2021-12-28T17:09:31.000-06:00,POINT (-100.82384719 25.3650895),LenyHigh
1.47597E+18,2021-12-28T17:11:22.000-06:00,POINT (-98.197951 19.215188),geolocationms
1.47597E+18,2021-12-28T17:11:24.000-06:00,POINT (-98.197951 19.215188),geolocationms
1.47597E+18,2021-12-28T17:11:26.000-06:00,POINT (-98.197951 19.215188),geolocationms
1.47597E+18,2021-12-28T17:11:29.000-06:00,POINT (-98.197951 19.215188),geolocationms
1.47597E+18,2021-12-28T17:11:33.000-06:00,POINT (-98.197953 19.215188),geolocationms
1.47597E+18,2021-12-28T17:11:48.000-06:00,POINT (-98.197953 19.215188),geolocationms
1.47597E+18,2021-12-28T17:11:48.000-06:00,POINT (-98.197953 19.215188),geolocationms
1.47597E+18,2021-12-28T17:11:50.000-06:00,POINT (-98.197953 19.215188),geolocationms
1.47597E+18,2021-12-28T17:11:50.000-06:00,POINT (-98.197953 19.215188),geolocationms
1.47597E+18,2021-12-28T17:11:56.000-06:00,POINT (-98.197955 19.215188),geolocationms
1.47597E+18,2021-12-28T17:12:05.000-06:00,POINT (-98.197955 19.215188),geolocationms
1.47597E+18,2021-12-28T17:08:33.000-06:00,POINT (-101.4721204 24.07030119),HiPeople_21
1.47597E+18,2021-12-28T17:12:22.000-06:00,POINT (-103.13952464 23.91062008),HiPeople_21
1.47597E+18,2021-12-28T17:13:09.000-06:00,POINT (-103.13952464 23.91062008),HiPeople_21
1.47597E+18,2021-12-28T17:13:14.000-06:00,POINT (-103.13952464 23.91062008),HiPeople_21
1.47597E+18,2021-12-28T17:13:16.000-06:00,POINT (-103.13952464 23.91062008),HiPeople_21
1.47597E+18,2021-12-28T17:13:24.000-06:00,POINT (-103.13952464 23.91062008),HiPeople_21
1.47606E+18,2021-12-28T23:11:19.000-06:00,POINT (-98.197903 19.215293),geolocationms
1.47606E+18,2021-12-28T23:11:19.000-06:00,POINT (-98.197903 19.215293),geolocationms
1.47606E+18,2021-12-28T23:11:21.000-06:00,POINT (-98.197903 19.215293),geolocationms
1.47606E+18,2021-12-28T23:11:27.000-06:00,POINT (-98.197903 19.215293),geolocationms
1.47606E+18,2021-12-28T23:11:36.000-06:00,POINT (-98.197903 19.215293),geolocationms
1.47606E+18,2021-12-28T23:11:39.000-06:00,POINT (-98.197903 19.215293),geolocationms
1.47606E+18,2021-12-28T23:11:44.000-06:00,POINT (-98.197903 19.215293),geolocationms
1.47606E+18,2021-12-28T23:11:51.000-06:00,POINT (-98.197903 19.215293),geolocationms
1.47606E+18,2021-12-28T23:11:56.000-06:00,POINT (-98.197903 19.215293),geolocationms
1.47606E+18,2021-12-28T23:11:57.000-06:00,POINT (-98.197903 19.215293),geolocationms
1.47606E+18,2021-12-28T23:12:01.000-06:00,POINT (-98.197903 19.215293),geolocationms
1.47544E+18,2021-12-27T06:33:55.000-06:00,POINT (-101.9146745 24.20602797),HiPeople_21
1.47558E+18,2021-12-27T15:11:44.000-06:00,POINT (-87.25796677 20.47093667),cesos97
1.47555E+18,2021-12-27T13:23:31.000-06:00,POINT (-100.24538816 25.64295786),angelguerreromx
1.47549E+18,2021-12-27T09:39:10.000-06:00,POINT (-101.4721204 24.07030119),HiPeople_21
1.47598E+18,2021-12-28T17:55:37.000-06:00,POINT (-102.366667 23.316667),ANDRIK007
1.47598E+18,2021-12-28T17:55:47.000-06:00,POINT (-86.97288364 20.48116781),cecarey311
1.47598E+18,2021-12-28T17:59:41.000-06:00,POINT (-86.8607263 20.9966026),Leoonno
1.47601E+18,2021-12-28T20:11:25.000-06:00,POINT (-98.197911 19.215288),geolocationms
1.47601E+18,2021-12-28T20:11:26.000-06:00,POINT (-98.197911 19.215288),geolocationms
1.47601E+18,2021-12-28T20:11:35.000-06:00,POINT (-98.197911 19.215288),geolocationms
1.47601E+18,2021-12-28T20:11:37.000-06:00,POINT (-98.197911 19.215288),geolocationms
1.47601E+18,2021-12-28T20:11:41.000-06:00,POINT (-98.197911 19.215288),geolocationms
1.476E+18,2021-12-28T19:03:56.000-06:00,POINT (-87.11185098 20.58644956),kathrynm45
1.47605E+18,2021-12-28T22:31:49.000-06:00,POINT (-98.99652663 21.39674618),AynicRosas
1.47577E+18,2021-12-28T04:11:37.000-06:00,POINT (-100.49080484 20.64127267),luisfdo69
1.47562E+18,2021-12-27T17:51:28.000-06:00,POINT (-98.71783591 20.20445367),carledugar
1.47567E+18,2021-12-27T21:43:03.000-06:00,POINT (-98.4471004 18.85377815),LuisargentinoG
1.4757E+18,2021-12-27T23:39:11.000-06:00,POINT (-100.43629866 20.67460307),Yohualy
1.4757E+18,2021-12-27T23:46:18.000-06:00,POINT (-96.27595274 16.86609319),artur91
1.47558E+18,2021-12-27T15:33:27.000-06:00,POINT (-99.29167884 18.67832906),DraMelanina
1.47549E+18,2021-12-27T09:41:15.000-06:00,POINT (-98.8013792 20.01121791),ArtemisInmobil2
1.47549E+18,2021-12-27T09:47:13.000-06:00,POINT (-101.4721204 24.07030119),HiPeople_21
1.47554E+18,2021-12-27T13:00:18.000-06:00,POINT (-105.52708858 20.77215411),moy_corrales
1.47604E+18,2021-12-28T22:06:10.000-06:00,POINT (-101.9146745 24.20602797),HiPeople_21
1.47604E+18,2021-12-28T22:11:32.000-06:00,POINT (-98.197901 19.215289),geolocationms
1.47604E+18,2021-12-28T22:11:36.000-06:00,POINT (-98.197901 19.215289),geolocationms
1.47604E+18,2021-12-28T22:11:37.000-06:00,POINT (-98.197901 19.215289),geolocationms
1.47604E+18,2021-12-28T22:11:40.000-06:00,POINT (-98.197901 19.215289),geolocationms
1.47604E+18,2021-12-28T22:11:42.000-06:00,POINT (-98.197901 19.215289),geolocationms
1.47604E+18,2021-12-28T22:11:46.000-06:00,POINT (-98.197901 19.215289),geolocationms
1.47604E+18,2021-12-28T22:11:50.000-06:00,POINT (-98.197901 19.215289),geolocationms
1.47604E+18,2021-12-28T22:11:51.000-06:00,POINT (-98.197901 19.215289),geolocationms
1.47604E+18,2021-12-28T22:11:55.000-06:00,POINT (-98.197901 19.215289),geolocationms
1.47604E+18,2021-12-28T22:11:56.000-06:00,POINT (-98.197901 19.215289),geolocationms
1.47604E+18,2021-12-28T22:12:02.000-06:00,POINT (-98.197901 19.215289),geolocationms
1.47604E+18,2021-12-28T22:11:20.000-06:00,POINT (-98.197901 19.215289),geolocationms
1.47604E+18,2021-12-28T22:13:50.000-06:00,POINT (-88.39809895 18.65913474),AScamander90
1.47604E+18,2021-12-28T22:14:35.000-06:00,POINT (-92.04710265 17.48409123),Linisho_Fdez
1.47596E+18,2021-12-28T16:22:20.000-06:00,POINT (-102.366667 23.316667),Norte_Grill
1.47587E+18,2021-12-28T10:38:53.000-06:00,POINT (-98.76282944 19.08395492),Prozzac20
1.47604E+18,2021-12-28T22:17:26.000-06:00,POINT (-92.04710265 17.48409123),Linisho_Fdez
1.47591E+18,2021-12-28T13:02:39.000-06:00,POINT (-101.9146745 24.20602797),HiPeople_21
1.476E+18,2021-12-28T19:11:55.000-06:00,POINT (-98.197917 19.215288),geolocationms
1.476E+18,2021-12-28T19:12:02.000-06:00,POINT (-98.197917 19.215288),geolocationms
1.476E+18,2021-12-28T19:11:20.000-06:00,POINT (-98.197917 19.215288),geolocationms
1.476E+18,2021-12-28T19:11:22.000-06:00,POINT (-98.197917 19.215288),geolocationms
1.476E+18,2021-12-28T19:11:24.000-06:00,POINT (-98.197917 19.215288),geolocationms
1.476E+18,2021-12-28T19:11:26.000-06:00,POINT (-98.197917 19.215288),geolocationms
1.476E+18,2021-12-28T19:11:30.000-06:00,POINT (-98.197917 19.215288),geolocationms
1.476E+18,2021-12-28T19:11:32.000-06:00,POINT (-98.197917 19.215288),geolocationms
1.476E+18,2021-12-28T19:11:33.000-06:00,POINT (-98.197917 19.215288),geolocationms
1.476E+18,2021-12-28T19:11:37.000-06:00,POINT (-98.197917 19.215288),geolocationms
1.476E+18,2021-12-28T19:11:43.000-06:00,POINT (-98.197917 19.215288),geolocationms
1.47585E+18,2021-12-28T09:38:55.000-06:00,POINT (-102.366667 23.316667),mickeys
1.47538E+18,2021-12-27T02:11:51.000-06:00,POINT (-98.4471004 18.85377815),LuisargentinoG
1.4754E+18,2021-12-27T03:17:22.000-06:00,POINT (-102.366667 23.316667),Cadaver_Vivient
1.4756E+18,2021-12-27T17:02:50.000-06:00,POINT (-98.29122065 19.19044412),ricardocomics
1.4756E+18,2021-12-27T17:04:09.000-06:00,POINT (-101.9146745 24.20602797),HiPeople_21
1.47569E+18,2021-12-27T22:57:12.000-06:00,POINT (-116.608 32.0664),SuarezJoshua
1.47572E+18,2021-12-28T01:00:55.000-06:00,POINT (-87.70746231 18.72039777),SoyOmarRuiz
1.47595E+18,2021-12-28T16:14:40.000-06:00,POINT (-98.26681868 19.15125355),seedorf_14
1.47561E+18,2021-12-27T17:23:15.000-06:00,POINT (-101.9146745 24.20602797),HiPeople_21
1.47561E+18,2021-12-27T17:23:17.000-06:00,POINT (-101.9146745 24.20602797),HiPeople_21
1.47569E+18,2021-12-27T23:04:15.000-06:00,POINT (-98.4471004 18.85377815),LuisargentinoG
1.4757E+18,2021-12-27T23:14:13.000-06:00,POINT (-92.5845563 16.6703252),Noemichm
1.47555E+18,2021-12-27T13:13:58.000-06:00,POINT (-104.69903538 24.10954836),memovallarta
1.47594E+18,2021-12-28T15:29:11.000-06:00,POINT (-87.41820162 20.23185982),EduardoTaiChi
1.47586E+18,2021-12-28T10:07:06.000-06:00,POINT (-101.15 19.9833),jerrygzstar
1.47586E+18,2021-12-28T10:10:49.000-06:00,POINT (-87.37306595 21.5233497),markmadonna
1.47583E+18,2021-12-28T08:21:14.000-06:00,POINT (-103.13952464 23.91062008),HiPeople_21
1.47583E+18,2021-12-28T08:21:19.000-06:00,POINT (-103.13952464 23.91062008),HiPeople_21
1.47583E+18,2021-12-28T08:16:59.000-06:00,POINT (-86.81340694 21.26562031),RoseMarieMijon
1.4759E+18,2021-12-28T12:42:53.000-06:00,POINT (-96.71866 17.096959),alex_neox
1.47585E+18,2021-12-28T09:36:36.000-06:00,POINT (-94.11 16.35),eq_map_ww2
1.47535E+18,2021-12-27T00:22:55.000-06:00,POINT (-99.27332507 19.28234733),fonseca1106
1.47545E+18,2021-12-27T07:06:05.000-06:00,POINT (-103.13952464 23.91062008),HiPeople_21
1.4755E+18,2021-12-27T10:05:27.000-06:00,POINT (-87.13398472 20.5885041),Pekitabonita
1.47565E+18,2021-12-27T19:58:23.000-06:00,POINT (-100.50986851 26.00031693),rubengzzalcala
1.47559E+18,2021-12-27T16:07:29.000-06:00,POINT (-90.2692 18.9219),MOTORESCUE
1.47545E+18,2021-12-27T07:05:05.000-06:00,POINT (-99.14477479 19.01934289),edvier
1.47519E+18,2021-12-26T13:47:30.000-06:00,POINT (-96.07764 15.77016),jozz_garu
1.47563E+18,2021-12-27T18:45:07.000-06:00,POINT (-111.07774014 29.08656755),buhitosoficial
1.47536E+18,2021-12-27T01:05:02.000-06:00,POINT (-99.6333 25.3),object82
1.47537E+18,2021-12-27T01:20:36.000-06:00,POINT (-103.13952464 23.91062008),HiPeople_21
1.47537E+18,2021-12-27T01:49:12.000-06:00,POINT (-103.13952464 23.91062008),HiPeople_21
1.47569E+18,2021-12-27T22:34:32.000-06:00,POINT (-101.767 19.9667),bandallanogrand
1.47553E+18,2021-12-27T12:31:33.000-06:00,POINT (-103.13952464 23.91062008),HiPeople_21
1.47556E+18,2021-12-27T14:30:25.000-06:00,POINT (-89.66562059 21.28822333),judiicastillo
1.47564E+18,2021-12-27T19:09:37.000-06:00,POINT (-104.9198 24.8143),MichelleRNews
1.47568E+18,2021-12-27T22:24:30.000-06:00,POINT (-87.31476534 20.39548788),vifa_2000
1.47563E+18,2021-12-27T18:37:30.000-06:00,POINT (-103.471077 20.734806),luisigg
1.4755E+18,2021-12-27T10:13:28.000-06:00,POINT (-96.52044961 15.66332273),LuluEros
1.4755E+18,2021-12-27T10:15:43.000-06:00,POINT (-88.38518143 20.62892859),jdanielAmaro
1.47568E+18,2021-12-27T22:08:10.000-06:00,POINT (-96.4 16.9167),decko_mix
1.47568E+18,2021-12-27T22:15:11.000-06:00,POINT (-98.4471004 18.85377815),LuisargentinoG
1.47559E+18,2021-12-27T16:01:16.000-06:00,POINT (-96.52044961 15.66332273),javive
1.47565E+18,2021-12-27T19:58:35.000-06:00,POINT (-105.45459692 20.86597193),PatrikSimpson
1.47556E+18,2021-12-27T14:06:02.000-06:00,POINT (-86.90301088 20.86433219),gus261984
1.4756E+18,2021-12-27T16:35:54.000-06:00,POINT (-98.29122065 19.19044412),Mario_Calderon6
1.4756E+18,2021-12-27T16:37:14.000-06:00,POINT (-101.433 17.55),a_dauphin
1.4756E+18,2021-12-27T16:48:20.000-06:00,POINT (-100.6836916 18.36421426),alexashipley
1.47554E+18,2021-12-27T12:33:10.000-06:00,POINT (-103.30045223 20.52446722),Historia_Chivas
1.47559E+18,2021-12-27T16:23:54.000-06:00,POINT (-98.29122065 19.19044412),sofiatorres93
1.47547E+18,2021-12-27T08:07:42.000-06:00,POINT (-99.285427 19.549041),Payt_n
1.47603E+18,2021-12-28T21:20:03.000-06:00,POINT (-109.90582 22.88108),FishingStatus
1.4764E+18,2021-12-29T21:53:33.000-06:00,POINT (-105.36223412 20.50541541),martinyogasf
1.47629E+18,2021-12-29T14:42:30.000-06:00,POINT (-96.71818043 17.09734554),alex_neox
1.4764E+18,2021-12-29T21:58:04.000-06:00,POINT (-86.818467 21.281764),CassieWelshy
1.4764E+18,2021-12-29T21:56:03.000-06:00,POINT (-103.913 19.1426),VolcanoColima
1.4764E+18,2021-12-29T21:56:22.000-06:00,POINT (-86.818466 21.281763),CassieWelshy
1.47633E+18,2021-12-29T17:00:01.000-06:00,POINT (-100.14 25.8512),object82
1.47633E+18,2021-12-29T17:04:40.000-06:00,POINT (-98.47061988 19.317026),jhezusb
1.47635E+18,2021-12-29T18:41:44.000-06:00,POINT (-98.19783 19.215128),geolocationms
1.47635E+18,2021-12-29T18:42:23.000-06:00,POINT (-116.53074123 32.12570619),DrSamuelOrlando
1.47635E+18,2021-12-29T18:43:16.000-06:00,POINT (-98.19783 19.215128),geolocationms
1.47635E+18,2021-12-29T18:43:20.000-06:00,POINT (-98.19783 19.215128),geolocationms
1.47635E+18,2021-12-29T18:43:28.000-06:00,POINT (-98.19783 19.215128),geolocationms
1.47635E+18,2021-12-29T18:43:32.000-06:00,POINT (-98.19783 19.215128),geolocationms
1.47635E+18,2021-12-29T18:43:36.000-06:00,POINT (-98.19783 19.215128),geolocationms
1.47635E+18,2021-12-29T18:43:41.000-06:00,POINT (-98.19783 19.215128),geolocationms
1.47635E+18,2021-12-29T18:43:43.000-06:00,POINT (-98.19783 19.215128),geolocationms
1.47634E+18,2021-12-29T18:08:11.000-06:00,POINT (-101.06771916 21.62974322),patyaceve
1.47632E+18,2021-12-29T16:31:11.000-06:00,POINT (-86.818488 21.281872),CassieWelshy
1.47607E+18,2021-12-29T00:11:33.000-06:00,POINT (-98.197798 19.215077),geolocationms
1.47632E+18,2021-12-29T16:43:24.000-06:00,POINT (-98.197934 19.215191),geolocationms
1.47616E+18,2021-12-29T05:48:51.000-06:00,POINT (-87.12041987 20.58117562),syabitova_ksu
1.47617E+18,2021-12-29T06:25:54.000-06:00,POINT (-88.0551 21.6013),Trixiavalle
1.47614E+18,2021-12-29T04:33:07.000-06:00,POINT (-102.366667 23.316667),Cadaver_Vivient
1.47632E+18,2021-12-29T16:38:20.000-06:00,POINT (-86.818463 21.281762),CassieWelshy
1.47607E+18,2021-12-29T00:11:35.000-06:00,POINT (-98.197798 19.215077),geolocationms
1.47608E+18,2021-12-29T00:27:16.000-06:00,POINT (-100.5116105 28.7054949),_Noticias_360
1.47628E+18,2021-12-29T13:59:27.000-06:00,POINT (-86.87481482 21.03950197),Karmma18
1.47634E+18,2021-12-29T17:52:31.000-06:00,POINT (-102.366667 23.316667),cuidatesiempre1
1.47639E+18,2021-12-29T21:11:50.000-06:00,POINT (-110.31594166 24.33647212),ruben_murrieta
1.47639E+18,2021-12-29T21:14:43.000-06:00,POINT (-98.13323021 18.93661199),Smpowers22
1.47625E+18,2021-12-29T11:58:48.000-06:00,POINT (-99.33292414 20.06626162),dan_leon_
1.47625E+18,2021-12-29T12:09:03.000-06:00,POINT (-96.09938292 19.14414211),Hebertomustaine
1.47628E+18,2021-12-29T13:52:22.000-06:00,POINT (-105.52708858 20.77215411),jferheredia
1.47628E+18,2021-12-29T13:54:11.000-06:00,POINT (-87.70746231 18.72039777),Linisho_Fdez
1.47624E+18,2021-12-29T11:20:29.000-06:00,POINT (-102.366667 23.316667),LuckyRabbitFoto
1.47632E+18,2021-12-29T16:30:51.000-06:00,POINT (-86.818488 21.281872),CassieWelshy
1.47607E+18,2021-12-29T00:11:51.000-06:00,POINT (-98.197798 19.215077),geolocationms
1.47607E+18,2021-12-29T00:11:52.000-06:00,POINT (-98.197798 19.215077),geolocationms
1.47607E+18,2021-12-29T00:11:54.000-06:00,POINT (-98.197798 19.215077),geolocationms
1.47607E+18,2021-12-29T00:11:59.000-06:00,POINT (-98.197798 19.215077),geolocationms
1.47607E+18,2021-12-29T00:11:43.000-06:00,POINT (-98.197798 19.215077),geolocationms
1.4763E+18,2021-12-29T14:55:42.000-06:00,POINT (-105.36223412 20.50541541),martinyogasf
1.47633E+18,2021-12-29T16:52:36.000-06:00,POINT (-86.818465 21.281762),CassieWelshy
1.4763E+18,2021-12-29T15:03:02.000-06:00,POINT (-102.366667 23.316667),javileuchter
1.47627E+18,2021-12-29T13:19:37.000-06:00,POINT (-86.87357426 21.03953966),Madonnitoo_
1.4762E+18,2021-12-29T08:41:25.000-06:00,POINT (-86.89365265 20.85399669),gabriellaguzman
1.47652E+18,2021-12-30T05:52:22.000-06:00,POINT (-98.73111111 20.20722222),veronicaelenamg
1.47657E+18,2021-12-30T09:09:30.000-06:00,POINT (-101.48326091 21.02122758),viva_nigthwish
1.47671E+18,2021-12-30T18:16:38.000-06:00,POINT (-102.366667 23.316667),eltimdrake
1.47679E+18,2021-12-30T23:34:25.000-06:00,POINT (-99.11281586 18.72860786),JavierFlores
1.47666E+18,2021-12-30T15:02:39.000-06:00,POINT (-101.9146745 24.20602797),HiPeople_21
1.4761E+18,2021-12-29T01:51:36.000-06:00,POINT (-96.08 15.87),eq_map_es2
1.47638E+18,2021-12-29T20:46:08.000-06:00,POINT (-98.197833 19.215126),geolocationms
1.47639E+18,2021-12-29T20:52:01.000-06:00,POINT (-96.7655772 17.0462761),pashacr
1.47639E+18,2021-12-29T20:52:19.000-06:00,POINT (-101.9146745 24.20602797),HiPeople_21
1.47639E+18,2021-12-29T21:00:17.000-06:00,POINT (-96.23651147 15.68936042),kristy_irlam
1.47651E+18,2021-12-30T05:07:03.000-06:00,POINT (-88.56778 20.684282),Julieth_am
1.4765E+18,2021-12-30T04:32:35.000-06:00,POINT (-102.15572834 25.44571603),KarlaMtzHamdan
1.47644E+18,2021-12-30T00:18:22.000-06:00,POINT (-98.197882 19.215143),geolocationms
1.4766E+18,2021-12-30T11:02:05.000-06:00,POINT (-86.817117 21.280868),CassieWelshy
1.47674E+18,2021-12-30T20:05:22.000-06:00,POINT (-88.39809895 18.65913474),iDari0
1.47666E+18,2021-12-30T15:12:24.000-06:00,POINT (-105.227965 21.524328),drjjza
1.47658E+18,2021-12-30T09:48:07.000-06:00,POINT (-87.47809547 20.0679174),PlayaPrideQroo
1.47673E+18,2021-12-30T19:32:22.000-06:00,POINT (-103.13952464 23.91062008),HiPeople_21
1.47657E+18,2021-12-30T08:57:59.000-06:00,POINT (-96.510608 15.661416),alfgaraym
